ProvID;r;g;b;title;x;
1;42;3;128;Vestrland;x;
4;168;12;2;Austrland;x;
6;168;45;177;Færeyjar;x;
7;84;21;131;Shetland;x;
8;126;24;4;Orkney;x;
9;168;27;132;Ailech;x;
13;126;39;134;Ulster;x;
16;42;48;8;Desmond;x;
17;84;51;136;Oriel;x;
20;0;60;10;Connacht;x;
24;168;72;12;Breifne;x;
28;84;81;141;Dublin;x;
33;126;99;144;Athlone;x;
35;0;105;145;Argyll;x;
37;84;111;146;Leinster;x;
41;42;123;148;Ossory;x;
45;0;135;150;Thomond;x;
49;168;147;152;Ormond;x;
55;0;165;155;Aalborg;x;
56;42;168;28;Viborg;x;
57;84;171;156;Aarhus;x;
59;168;177;157;Vorbasse;x;
60;0;180;30;Ribe;x;
61;42;183;158;Slesvig;x;
63;126;189;159;Sjaelland;x;
65;0;195;160;Fyn;x;
67;84;201;161;Lolland-Falster;x;
70;0;210;35;Skåne;x;
74;168;9;37;Halland;x;
77;84;18;166;Bornholm;x;
78;126;21;39;Blekinge;x;
82;84;33;41;Ringkøbing;x;
88;126;51;44;Osel;x;
92;84;63;46;Wiek;x;
94;168;69;47;Reval;x;
97;84;78;176;Narva;x;
99;168;84;177;Livs;x;
101;42;90;178;Vidzeme;x;
102;84;93;51;Talava;x;
103;126;96;179;Kokenois;x;
104;168;99;52;Zemigalians;x;
110;0;117;55;Vanemane;x;
111;42;120;183;Grobin;x;
115;0;132;185;Palanga;x;
118;126;141;59;Memel;x;
119;168;144;187;Scalovia;x;
122;84;153;61;Sambia;x;
123;126;156;189;Raseiniai;x;
127;84;168;191;Siauliai;x;
130;0;177;65;Trakai;x;
133;126;186;194;Selpils;x;
135;0;192;195;Jersika;x;
140;0;207;70;Aluksne;x;
143;126;3;199;Tartu;x;
149;168;21;202;Kernave;x;
151;42;27;203;Braslau;x;
156;42;42;78;Yatvyagi;x;
161;42;57;208;Grodno;x;
167;84;75;211;Vodi;x;
171;42;87;213;Kakisalmi;x;
174;168;96;87;Sortavala;x;
175;0;99;215;Nyland;x;
178;126;108;89;Finland;x;
181;42;117;218;Viipuri;x;
183;126;123;219;Satakunta;x;
188;126;138;94;Olavinlinna;x;
192;84;150;96;Salinis;x;
193;126;153;224;Onega;x;
194;168;156;97;Kontupohja;x;
205;0;189;130;Tavasts;x;
207;84;195;131;Sysmä;x;
210;0;204;5;Pietarsaari;x;
211;42;207;133;Messukylä;x;
213;126;0;134;Mustasaari;x;
216;42;9;8;Aland;x;
218;126;15;9;Viena;x;
229;168;48;142;Elfinn;x;
231;42;54;143;Vingulmörk;x;
233;126;60;144;Vestfold;x;
235;0;66;145;Heiðmörk;x;
237;84;72;146;Guðbrandsdalir;x;
239;168;78;147;Eystridalir;x;
241;42;84;148;Gauldælafylki;x;
243;126;138;49;Þrándheimr;x;
244;168;93;22;Naumdælafylki;x;
247;84;102;151;Þelamörk;x;
249;168;108;152;Austr Agðir;x;
251;42;114;153;Vestr Agðir;x;
252;84;117;26;Rogaland;x;
255;0;126;155;Hörðaland;x;
260;0;141;30;Sogn;x;
265;0;156;160;Firðafylki;x;
267;84;162;161;Mæri;x;
275;0;186;165;Boðin;x;
278;126;195;39;Lófótr;x;
282;84;207;41;Jamtaland;x;
291;42;21;173;Herdalr;x;
300;0;48;50;Finnveden;x;
302;84;54;51;Värend;x;
307;84;69;181;Möre;x;
309;168;75;182;Sevede;x;
311;42;81;183;Njudung;x;
314;168;90;57;Öland;x;
316;42;96;58;Skara;x;
317;84;99;186;Västergötland;x;
321;42;111;188;Dal;x;
323;126;117;189;Värmaland ;x;
325;0;123;190;Nordmark;x;
327;84;129;191;Neeric;x;
330;0;138;65;Östergötland;x;
332;84;144;66;Kinda;x;
336;42;156;68;Södermannaland;x;
341;42;171;198;Uppland;x;
345;0;183;200;Dalabergslagen;x;
346;42;186;73;Västmannaland;x;
351;42;201;203;Övre Dalarna;x;
354;168;210;77;Gestrikalandia;x;
357;84;6;206;Halsingland;x;
361;42;18;208;Medelpad;x;
365;0;30;210;Ångermanland;x;
369;168;42;212;Gotland;x;
373;126;54;214;Jåhkåmåhkke;x;
374;168;57;87;Biton;x;
377;84;66;216;Lais;x;
378;126;69;89;Julevädno;x;
380;0;75;90;Siggevara;x;
382;84;81;91;Ubmejeiednuo;x;
387;84;96;221;Aanaarjävri;x;
388;126;99;94;Sombio;x;
389;168;102;222;Mórar;x;
393;126;114;224;Rounala;x;
396;42;123;98;Kárášjohka;x;
400;0;135;0;Peäccam;x;
404;168;147;2;West Kiilt;x;
407;84;156;131;Akkel;x;
410;0;165;5;East Kiilt;x;
413;126;174;134;Jovvkuj;x;
419;168;192;137;Kitka;x;
430;0;12;15;Sjeltie;x;
437;84;33;146;Helgum;x;
440;0;42;20;Kraków;x;
443;126;51;149;Oulu;x;
448;126;66;24;Pielinen;x;
450;0;72;25;Kainuu;x;
454;168;84;27;Koutajoki;x;
458;126;96;29;Zagorje;x;
459;168;99;157;Charso;x;
461;42;105;158;Zagreb;x;
463;126;111;159;Usora;x;
464;168;114;32;Gacka;x;
465;0;117;160;Zadar;x;
466;42;120;33;Zachlumia;x;
467;84;123;161;Cetina;x;
468;126;126;34;Ragusa;x;
469;168;129;162;Duklja;x;
470;0;132;35;Dyrrachion;x;
471;42;135;163;Ohrid;x;
472;84;138;36;Buthrotum;x;
473;126;141;164;Nicpolis;x;
474;168;144;37;Cephalonia;x;
475;0;147;165;Aetolia;x;
476;42;150;38;Achaia;x;
477;84;153;166;Messenia;x;
478;126;156;39;Laconia;x;
479;168;159;167;Chania;x;
480;0;162;40;Chandax;x;
481;42;165;168;Korinthos;x;
482;84;168;41;Attica;x;
483;126;171;169;Rhodos;x;
484;168;174;42;Naxos;x;
485;0;177;170;Euboea;x;
486;42;180;43;Chios;x;
487;84;183;171;Lesbos;x;
488;126;186;44;Demetrias;x;
489;168;189;172;Thessalia;x;
490;0;192;45;Thessalonika;x;
491;42;195;173;Chalkidike;x;
492;84;198;46;Mosynopolis;x;
493;126;201;174;Philippopolis;x;
494;168;204;47;Adrianopolis;x;
495;0;207;175;Kalliopolis;x;
496;42;210;48;Byzantion;x;
497;84;0;176;Brysis;x;
498;126;3;49;Mesembria;x;
499;168;6;177;Tarnovgrad;x;
500;0;9;50;Sredets;x;
501;42;12;178;Naissus;x;
502;84;15;51;Rashka;x;
504;168;21;52;Rama;x;
505;0;24;180;Beograd;x;
506;42;27;53;Vidin;x;
507;84;30;181;Nikopolis;x;
508;126;33;54;Silistra;x;
510;0;39;55;Constanta;x;
511;42;42;183;Gala0i;x;
512;84;45;56;Cetatea Alba;x;
513;126;48;184;Bârlad;x;
514;168;51;57;Giurgiu;x;
515;0;54;185;Câmpulung;x;
516;42;57;58;Severin;x;
517;84;60;186;Temes;x;
518;126;63;59;Bacs;x;
519;168;66;187;Fehér;x;
520;0;69;60;Bihar;x;
521;42;72;188;Csanad;x;
522;84;75;61;Visegrad;x;
523;126;78;189;Hewes;x;
524;168;81;62;Gemer;x;
525;0;84;190;Orava;x;
528;126;93;64;Sieradz;x;
529;168;96;192;Plock;x;
530;0;99;65;Czersk;x;
531;42;102;193;Sandomierz;x;
532;84;105;66;Sacz;x;
533;126;108;194;Šariš;x;
534;168;111;67;Peremyshl;x;
535;0;114;195;Volodymyr;x;
536;42;117;68;Halych;x;
537;84;120;196;Bereg;x;
538;126;123;69;Abauj;x;
539;168;126;197;Marmaros;x;
540;0;129;70;Székelyföld;x;
541;42;132;198;Ia0i;x;
542;84;135;71;Odessa;x;
544;168;141;72;Korsun;x;
545;0;144;200;Suceava;x;
546;42;147;73;Terebovl;x;
547;84;150;201;Kiev;x;
548;126;153;74;Pinsk;x;
549;168;156;202;Berestye;x;
550;0;159;75;Minsk;x;
551;42;162;203;Smolensk;x;
552;84;165;76;Turov;x;
553;126;168;204;Chernigov;x;
555;0;174;205;Pereyaslavl;x;
556;42;177;78;Samar;x;
557;84;180;206;Khortytsia;x;
558;126;183;79;Oleshye;x;
559;168;186;207;Kalos Limen;x;
560;0;189;80;Kerch;x;
563;126;198;209;Tana;x;
564;168;201;82;Bakhmut;x;
566;42;207;83;Oskol;x;
567;84;210;211;Novgorod Seversky;x;
570;0;6;85;Moskva;x;
571;42;9;213;Yaroslavl;x;
573;126;15;214;Suzdal;x;
576;42;24;88;Starodub;x;
577;84;27;216;Tula;x;
579;168;33;217;Penza;x;
580;0;36;90;Ryazan;x;
581;42;39;218;Murom;x;
582;84;42;91;Vladimir;x;
584;168;48;92;Nizhny Novgorod;x;
586;42;54;93;Manturovo;x;
587;84;57;221;Mozhaysk;x;
588;126;60;94;Yoshkar-Ola;x;
589;168;63;222;Martyuba;x;
590;0;66;95;Cheboksary;x;
591;42;69;223;Ashli;x;
592;84;72;96;Saratov;x;
593;126;75;224;Khopyor;x;
594;168;78;97;Golden Hills;x;
595;0;81;225;Sarysyn;x;
597;84;87;226;Azov;x;
598;126;90;99;Tmutarakan;x;
599;168;93;227;Khumar;x;
600;0;96;0;Abkhazia;x;
601;42;99;128;Odishi;x;
602;84;102;1;Yaitsk;x;
603;126;105;129;Cabardinia;x;
604;168;108;2;Astrakhan;x;
605;0;111;130;Beksima;x;
607;84;117;131;Sarkel;x;
608;126;120;4;Uzen;x;
609;168;123;132;Samar;x;
610;0;126;5;Bolghar;x;
611;42;129;133;Kazan;x;
612;84;132;6;Palniki;x;
615;0;141;135;Ufa;x;
616;42;144;8;Pecheneg;x;
618;126;150;9;Atyrau;x;
619;168;153;137;Itil;x;
621;42;159;138;Akkityk;x;
622;84;162;11;Ak-Dzulpas;x;
623;126;165;139;Aralkizil;x;
624;168;168;12;Mangyshlak;x;
625;0;171;140;Ustyurt;x;
627;84;177;141;Garabogazkol;x;
668;126;87;34;Shirvan;x;
669;168;90;162;Shaki;x;
670;0;93;35;Khachen;x;
671;42;96;163;Suenik;x;
672;84;99;36;Dvin;x;
673;126;102;164;Hereti;x;
674;168;105;37;Derbent;x;
676;42;111;38;Kakheti;x;
677;84;114;166;Guria;x;
678;126;117;39;Trebizond;x;
679;168;120;167;Kartli;x;
680;0;123;40;Tao;x;
681;42;126;168;Hayk;x;
682;84;129;41;Vaspurakan;x;
701;42;186;178;Apahunik;x;
702;84;189;51;Mesopotamia;x;
703;126;192;179;Theodosiopolis;x;
705;0;198;180;Cerasus;x;
706;42;201;53;Colonea;x;
707;84;204;181;Melitene;x;
735;0;75;195;Ablastha;x;
736;42;78;68;Lycandus;x;
737;84;81;196;Kaisereia;x;
738;126;84;69;Helenopontus;x;
739;168;87;197;Sinope;x;
740;0;90;70;Honorias;x;
741;42;93;198;Bithynia;x;
742;84;96;71;Prusa;x;
743;126;99;199;Nikaea;x;
744;168;102;72;Abydos;x;
745;0;105;200;Ionia;x;
748;126;114;74;Chonae;x;
749;168;117;202;Phrygia;x;
751;42;123;203;Paphlagonia;x;
752;84;126;76;Charsianon;x;
753;126;129;204;Galatia;x;
754;168;132;77;Pisidia;x;
755;0;135;205;Lycia;x;
756;42;138;78;Nicosia;x;
757;84;141;206;Famagusta;x;
758;126;144;79;Seleucia;x;
759;168;147;207;Lycaonia;x;
760;0;150;80;Cappadocia;x;
761;42;153;208;Cilicia;x;
808;126;81;4;Kundina;x;
810;0;87;5;Charaideo;x;
812;84;93;6;Haruppeswara;x;
814;168;99;7;Kamarupanagara;x;
817;84;108;136;Kamatapur;x;
819;168;114;137;Goalpara;x;
821;42;120;138;Dimapur;x;
824;168;129;12;Srihatta;x;
826;42;135;13;Manipur;x;
828;126;141;14;Samatata;x;
831;42;150;143;Karmanta;x;
833;126;156;144;Bikrampur;x;
835;0;162;145;Candradvipa;x;
837;84;168;146;Laksmanavati;x;
840;0;177;20;Kotivarsa;x;
842;84;183;21;Gauda;x;
844;168;189;22;Radha;x;
846;42;195;23;Pundravardhana;x;
848;0;3;225;Madhupur;x;
849;126;201;24;Canarias;x;
850;168;96;42;Suvarnagram;x;
853;127;87;139;Harikela;x;
855;126;135;84;Nabadwipa;x;
857;0;141;85;Saptagrama;x;
859;84;147;86;Vijayapura;x;
862;0;156;215;Tamralipti;x;
865;126;165;89;Midnapore;x;
866;168;168;217;Mallabhum;x;
867;0;171;90;Magadha;x;
871;168;183;92;Mudgagiri;x;
873;42;189;93;Gaya;x;
875;126;195;94;Sasaram;x;
877;0;201;95;Mithila;x;
880;126;210;224;Simaramapura;x;
881;168;0;97;Kusinagara;x;
883;126;120;209;Jaunpur;x;
885;84;117;81;Varanasi;x;
886;168;15;227;Perm;x;
887;1;18;0;Kharam-Vosh;x;
888;43;21;128;Kargadan;x;
889;85;24;1;Ural;x;
890;127;27;129;Kazym;x;
891;169;30;2;Tyumen;x;
892;1;33;130;Tselym Dalyn;x;
895;127;42;4;Kurgan;x;
896;169;45;132;Aqtobe;x;
897;1;48;5;Orenburg;x;
898;43;51;133;Tobol;x;
900;127;57;134;Yangikent;x;
901;169;60;7;Jend;x;
903;43;66;8;Khojand;x;
904;85;69;136;Sravasti;x;
905;127;72;9;Chunar;x;
906;169;75;137;Jharkand;x;
908;84;132;211;Rothas;x;
910;42;129;83;Rajrappa;x;
911;0;207;25;Munda;x;
912;84;0;26;Damin-i-Koh;x;
914;84;45;161;Tripuri;x;
917;42;99;78;Chauragarh;x;
920;85;99;141;Acalapura;x;
921;127;102;14;Ratanpur;x;
923;1;108;15;Tummana;x;
925;85;114;16;Bandhugadha;x;
927;17;40;240;Kataka;x;
932;127;132;19;Viraja;x;
933;169;132;182;Roslavl;x;
934;1;135;55;Lukoml;x;
1013;126;60;199;Lori;x;
1112;85;141;56;Madurai;x;
1113;127;144;184;Prayaga;x;
1114;169;147;57;Kerala;x;
1115;1;150;185;Cholamandalam;x;
1116;43;153;58;Kongu;x;
1117;85;156;186;Alupa;x;
1118;127;159;59;Srirangapatna;x;
1119;169;162;187;Kanchipuram;x;
1120;1;165;60;Tagadur;x;
1121;43;168;188;Uchangidurga;x;
1122;85;171;61;Palakka;x;
1123;127;174;189;Vengipura;x;
1124;169;177;62;Kanara;x;
1125;1;180;190;Surparaka;x;
1126;43;183;63;Daman;x;
1127;85;186;191;Navasarika;x;
1128;127;189;64;Vizagipatam;x;
1130;1;195;65;Mandavyapura;x;
1132;85;201;66;Biia;x;
1133;127;204;194;Vadodara;x;
1134;169;207;67;Bhumilka;x;
1135;1;210;195;Valabhi;x;
1136;43;0;68;Dvaraka;x;
1137;85;3;196;Mansura;x;
1138;127;6;69;Bhakkar;x;
1139;169;9;197;Asni;x;
1140;1;12;70;Vaijayanti;x;
1141;43;15;198;Kol;x;
1142;85;18;71;Mulaka;x;
1143;127;21;199;Kalyani;x;
1144;169;24;72;Orangallu;x;
1145;1;27;200;Devagiri;x;
1146;43;30;73;Naldurg;x;
1147;85;33;201;Mandapika;x;
1148;127;36;74;Dasapura;x;
1149;169;39;202;Dhara;x;
1150;1;42;75;Sarangpur;x;
1155;1;57;205;Sripuri;x;
1156;43;60;78;Kodalaka Mandala;x;
1157;85;63;206;Balkonda;x;
1159;169;69;207;Ramagiri;x;
1160;1;72;80;Rayapura;x;
1161;43;75;208;Kasmira;x;
1167;85;93;211;Lakhnau;x;
1168;127;96;84;Katehar;x;
1169;169;99;212;Kalpi;x;
1170;1;102;85;Vidisa;x;
1171;43;105;213;Kalanjara;x;
1172;85;108;86;Gwalior;x;
1173;127;111;214;Sambhal;x;
1174;169;114;87;Godwad;x;
1175;1;117;215;Aror;x;
1176;43;120;88;Medantaka;x;
1178;127;126;89;Karur;x;
1179;169;129;217;Sakala;x;
1180;1;132;90;Udabhanda;x;
1181;43;135;218;Sütkend;x;
1184;169;144;92;Asirgarh;x;
1186;43;150;93;Chah;x;
1187;85;153;221;Burhanpur;x;
1189;169;159;222;Thalner;x;
1190;1;162;95;Gurjaratra;x;
1191;43;165;223;Bannu;x;
1192;85;168;96;Bhera;x;
1193;127;171;224;Trigarta;x;
1197;85;183;226;Mahishaka;x;
1198;127;186;99;Vatapi;x;
1199;169;189;227;Penugonda;x;
1203;127;201;129;Idatarainadu;x;
1204;169;204;2;Nellore;x;
1205;1;207;130;Narim;x;
1206;43;210;3;Taradavadi;x;
1207;85;0;131;Nallamala;x;
1208;127;3;4;Kambampet;x;
1209;169;6;132;Racakonda;x;
1211;43;12;133;Pannagallu;x;
1212;85;15;6;Ashmaka;x;
1213;127;18;134;Kondana;x;
1215;1;24;135;Kanyakubja;x;
1216;43;27;8;Talakad;x;
1222;85;45;11;Mosala;x;
1223;127;48;139;Ishim;x;
1224;169;51;12;Kalinganagar;x;
1225;1;54;140;Puri;x;
1227;85;60;141;Cakrakuta;x;
1228;127;63;14;Swetaka Mandala;x;
1229;169;66;142;Khinjali Mandala;x;
1230;1;69;15;Suvarnapura;x;
1247;85;120;151;Khijjingakota;x;
1249;169;126;152;Sambalpur;x;
1250;1;129;25;Ayodhya;x;
1252;85;135;26;Barasuru;x;
1254;169;141;27;Vairagara;x;
1259;169;156;157;Vatsagulma;x;
1260;1;159;30;Trikuta;x;
1265;1;174;160;Sagar;x;
1266;43;177;33;Somnath;x;
1267;85;180;161;Vardhamana;x;
1268;127;183;34;Dhamalpur;x;
1269;169;186;162;Canda;x;
1270;1;189;35;Kiranapura;x;
1273;127;198;164;Turgay;x;
1274;169;201;37;Damoh;x;
1278;127;0;39;Gurgi;x;
1282;85;12;41;Manikpur;x;
1288;127;30;44;Ujjayini;x;
1289;169;33;172;Dadhipadra;x;
1290;1;36;45;Khetaka;x;
1291;43;39;173;Mohadavasaka;x;
1292;85;42;46;Sarasvata Mandala;x;
1294;169;48;47;Satyapura;x;
1295;1;51;175;Kutch;x;
1297;85;57;176;Debul;x;
1298;127;60;49;Chanderi;x;
1299;169;63;177;Candhoba;x;
1300;1;66;50;Kota;x;
1301;43;69;178;Mahoba;x;
1302;85;72;51;Chitrakut;x;
1303;127;75;179;Ranikot;x;
1304;169;78;52;Ludrava;x;
1306;43;84;53;Tara;x;
1310;1;96;55;Socotra;x;
1329;169;153;192;Tomsk;x;
1331;43;159;193;Sonda;x;
1333;127;165;194;Siwistan;x;
1336;43;174;68;Vijnot;x;
1337;85;177;196;Uch;x;
1338;127;180;69;Multan;x;
1339;169;183;197;Rajanpur;x;
1340;1;186;70;Karor;x;
1341;43;189;198;Nandana;x;
1342;85;192;71;Purushapura;x;
1345;1;201;200;Medapata;x;
1346;43;204;73;Ajayameru;x;
1349;169;0;202;Vikramapura;x;
1350;1;3;75;Reni;x;
1351;43;6;203;Gilgit;x;
1352;85;9;76;Sarasvati;x;
1353;127;12;204;Vairata;x;
1354;169;15;77;Nagauda;x;
1355;1;18;205;Ranthambore;x;
1357;85;24;206;Sripatha;x;
1358;127;27;79;Vodamayutja;x;
1359;169;30;207;Mathura;x;
1360;1;33;80;Maldives;x;
1361;43;36;208;Shorkot;x;
1362;85;39;81;Lahur;x;
1363;127;42;209;Dipalpur;x;
1364;169;45;82;Tribandapura;x;
1365;1;48;210;Delhi;x;
1366;43;51;83;Hisar;x;
1367;85;54;211;Sthanisvara;x;
1368;127;57;84;Hastinapura;x;
1375;1;78;215;Kafirkot;x;
1378;127;87;89;Gurganj;x;
1413;127;192;134;Venadu;x;
1416;43;201;8;Kolhapur;x;
1422;85;6;11;Naimisa;x;
1423;127;9;139;Nasrabad;x;
1424;169;12;12;Suyab;x;
1425;1;15;140;Iliq;x;
1426;43;18;13;Lepsink;x;
1427;85;21;141;Kokpekty;x;
1430;1;30;15;Atamansku;x;
1431;43;33;143;Otrar;x;
1432;85;36;16;Shelji;x;
1433;127;39;144;Eghiz Kara;x;
1434;169;42;17;Karkaraly;x;
1435;1;45;145;Astana;x;
1438;127;54;19;Yarkand;x;
1439;169;57;147;Kashgar;x;
1440;1;60;20;Khotan;x;
1441;86;135;186;Cherchen;x;
1442;128;138;59;Charkliq;x;
1443;170;141;187;Karashar;x;
1444;2;144;60;Kucha;x;
1445;44;147;188;Aksu;x;
1446;86;150;61;Kara Khoja;x;
1447;128;153;189;Loulan;x;
1448;170;156;62;Miran;x;
1449;2;159;190;Yangjibaliq;x;
1450;44;162;63;Sharga;x;
1451;86;165;191;Altay;x;
1452;128;168;64;Eastern Tannu;x;
1453;170;171;192;Tseel;x;
1454;2;174;65;Abakan;x;
1455;44;177;193;Darkhad Valley;x;
1456;86;180;66;Ikh Bogd;x;
1457;170;201;197;Karakorum;x;
1458;2;204;70;Tarvagatai;x;
1459;44;207;198;Arzhan;x;
1460;1;120;30;Bargajan;x;
1461;43;123;158;Karabalgasun;x;
1462;85;126;31;Kyzyl Char;x;
1499;169;24;177;West Riding;x;
1500;1;27;50;North Riding;x;
1502;85;33;51;Kent;x;
1506;43;45;53;Sussex;x;
1510;1;57;55;Surrey;x;
1514;169;69;57;Essex;x;
1518;127;81;59;Suffolk;x;
1522;85;93;61;Norfolk;x;
1526;43;105;63;Middlesex;x;
1531;43;120;193;Hertfordshire;x;
1534;169;129;67;Cambridgeshire;x;
1538;127;141;69;Bedford;x;
1541;43;150;198;Huntingdonshire;x;
1544;169;159;72;Hampshire;x;
1549;169;174;202;Wight;x;
1551;43;180;203;Buckinghamshire;x;
1555;1;192;205;Berkshire;x;
1558;127;201;79;Oxfordshire;x;
1561;43;210;208;Wiltshire;x;
1565;1;9;210;Dorset;x;
1569;169;21;212;Devon;x;
1573;127;33;214;Cornwall;x;
1576;43;42;88;Somerset;x;
1580;1;54;90;Gloucestershire;x;
1583;127;63;219;Lincolnshire;x;
1588;127;78;94;East Riding;x;
1600;1;114;0;Northamptonshire;x;
1603;127;123;129;Warwickshire;x;
1606;43;132;3;Durham;x;
1609;169;141;132;Northumberland;x;
1613;127;153;134;Leicestershire;x;
1618;127;168;9;Nottinghamshire;x;
1621;43;177;138;Derby;x;
1624;169;186;12;Worcestershire;x;
1627;85;195;141;Staffordshire;x;
1630;1;204;15;Gwent;x;
1632;85;210;16;Herefordshire;x;
1635;1;6;145;Cumberland;x;
1637;85;12;146;Westmorland;x;
1639;169;18;147;Lancashire;x;
1643;127;30;149;Cheshire;x;
1646;43;39;23;Shropshire;x;
1649;169;48;152;Morgannwg;x;
1652;85;57;26;Sir Gaerfyrddin;x;
1654;169;63;27;Dyfed;x;
1657;85;72;156;Ceredigion;x;
1659;169;78;157;Brycheiniog;x;
1661;43;84;158;Ferlix;x;
1663;127;90;159;Penllyn;x;
1665;1;96;160;Merionnydd;x;
1667;85;102;161;Eryri;x;
1670;1;111;35;Perfeddwlad;x;
1673;127;120;164;Ynys Môn;x;
1675;1;126;165;Dunbar;x;
1677;85;132;166;Teviotdale;x;
1679;169;138;167;Annandale;x;
1680;1;141;40;Carrick;x;
1682;85;147;41;Galloway;x;
1686;43;159;43;Ayrshire;x;
1689;169;168;172;Inner Hebrides;x;
1692;85;177;46;Outer Hebrides;x;
1695;1;186;175;Lennox;x;
1698;127;195;49;Isle of Man;x;
1703;127;210;179;Ross;x;
1705;1;3;180;Sutherland;x;
1707;85;9;181;Caithness;x;
1709;169;15;182;Inverness;x;
1712;85;24;56;Buchan;x;
1715;1;33;185;Moray;x;
1718;127;42;59;Mearns;x;
1720;1;48;60;Angus;x;
1724;169;60;62;Fife;x;
1727;85;69;191;Lothian;x;
1731;43;81;193;Linlithgowshire;x;
1734;169;90;67;Strathearn;x;
1737;85;99;196;Lanarkshire;x;
1741;43;111;198;Gowrie;x;
1743;127;117;199;Atholl;x;
1746;43;126;73;Silves;x;
1748;127;132;74;Faro;x;
1751;43;141;203;Évora;x;
1752;85;144;76;Alcacer do Sal;x;
1753;127;147;204;Lisboa;x;
1756;43;156;78;Coimbra;x;
1759;169;165;207;Aveiro;x;
1760;1;168;80;Porto;x;
1763;127;177;209;Braganza;x;
1769;169;195;212;Viseu;x;
1771;43;201;213;Castelo Branco;x;
1774;169;210;87;Elvas;x;
1781;43;18;218;Tui;x;
1783;127;24;219;Santiago;x;
1787;85;36;221;Coruna;x;
1792;85;51;96;Astorga;x;
1793;127;54;224;Pravia;x;
1796;43;63;98;Asturias de Oviedo;x;
1800;1;75;0;Monterrei;x;
1801;43;78;128;Asturias de Santillana;x;
1803;127;84;129;Viscaya;x;
1804;169;87;2;Ipuskoa;x;
1806;43;93;3;Navarra;x;
1807;85;96;131;Alto Aragon;x;
1810;1;105;5;Najera;x;
1813;127;114;134;Amaya;x;
1816;43;123;8;Leon;x;
1826;43;153;13;Benavente;x;
1828;127;159;14;Salamanca;x;
1830;1;165;15;Plasencia;x;
1832;85;171;16;Caceres;x;
1834;169;177;17;Merida;x;
1835;1;180;145;Badajoz;x;
1837;85;186;146;Moura;x;
1839;169;192;147;Niebla;x;
1841;43;198;148;Sevilla;x;
1842;85;201;21;Cadiz;x;
1845;1;210;150;Algeciras;x;
1846;43;0;23;Malaga;x;
1849;169;9;152;Almeria;x;
1850;1;12;25;Murcia;x;
1853;127;21;154;Alicante;x;
1854;169;24;27;Denia;x;
1855;1;27;155;Valencia;x;
1857;85;33;156;Castellon;x;
1859;169;39;157;Tarragona;x;
1861;43;45;158;Barcelona;x;
1864;169;54;32;Girona;x;
1867;85;63;161;Cerdaña;x;
1869;169;69;162;Urgell;x;
1874;169;84;37;Fraga;x;
1880;1;102;40;Lleida;x;
1883;127;111;169;Alcaniz;x;
1885;1;117;170;Zaragoza;x;
1890;1;132;45;Tudela;x;
1891;43;135;173;Albarracin;x;
1894;169;144;47;Zamora;x;
1896;43;150;48;Valladolid;x;
1899;169;159;177;Soria;x;
1905;1;177;180;Burgos;x;
1912;85;198;56;Avila;x;
1915;1;207;185;Olmedo;x;
1918;127;3;59;Toledo;x;
1923;127;18;189;Madrid;x;
1924;169;21;62;Cuellar;x;
1930;1;39;65;Molina;x;
1932;85;45;66;Calatayud;x;
1937;85;60;196;Teruel;x;
1944;169;81;72;Cuenca;x;
1948;127;93;74;Alarcon;x;
1952;85;105;76;Uclés;x;
1957;85;120;206;Malagon;x;
1963;127;138;209;Calatrava;x;
1967;85;150;211;Alcaraz;x;
1975;1;174;215;Granada;x;
1977;85;180;216;Jaén;x;
1979;169;186;217;Cabra;x;
1987;85;210;221;Alarcos;x;
1988;127;0;94;Cordoba;x;
1996;43;24;98;Medellin;x;
2000;2;36;0;Ibiza;x;
2001;44;39;128;Mallorca;x;
2002;86;42;1;Menorca;x;
2005;2;51;130;Carcassonne;x;
2007;86;57;131;Foix;x;
2008;128;60;4;Comminges;x;
2010;2;66;5;Bigorre;x;
2011;44;69;133;Bearn;x;
2012;86;72;6;Labourd;x;
2013;128;75;134;Béziers;x;
2015;2;81;135;Montpellier;x;
2017;86;87;136;Venaissin;x;
2018;128;90;9;Provence;x;
2020;2;96;10;Nice;x;
2022;86;102;11;Genoa;x;
2027;86;117;141;Forcalquier;x;
2029;170;123;142;Savoie;x;
2030;2;126;15;Viennois;x;
2034;170;138;17;Geneva;x;
2037;86;147;146;Bern;x;
2038;128;150;19;Aosta;x;
2040;2;156;20;Canavese;x;
2041;44;159;148;Turin;x;
2043;128;165;149;Cuneo;x;
2048;128;180;24;Aargau;x;
2050;2;186;25;Zürich;x;
2052;86;192;26;Grisons;x;
2053;128;195;154;Sankt Gallen;x;
2056;44;204;28;Sundgau;x;
2063;128;12;159;Viviers;x;
2064;170;15;32;Valentinois;x;
2065;2;18;160;Lyon;x;
2071;44;36;163;Bresse;x;
2072;86;39;36;Dole;x;
2074;170;45;37;Neuchatel;x;
2075;2;48;165;Besancon;x;
2078;128;57;39;Nancy;x;
2079;170;60;167;Vaucouleurs;x;
2080;2;63;40;Briey;x;
2081;44;66;168;Bar;x;
2082;86;69;41;Luxembourg;x;
2083;128;72;169;Trier;x;
2084;170;75;42;Koblenz;x;
2087;86;84;171;Cologne;x;
2091;44;96;173;Bouillon;x;
2092;86;99;46;Aachen;x;
2094;170;105;47;Liege;x;
2098;128;117;49;Namur;x;
2099;170;120;177;Maastricht;x;
2101;44;126;178;Cleves;x;
2103;128;132;179;Guelders;x;
2105;2;138;180;Brabant;x;
2106;44;141;53;Antwerpen;x;
2112;86;159;56;Zeeland;x;
2114;170;165;57;Brugge;x;
2117;86;174;186;Hainaut;x;
2118;128;177;59;Cambray;x;
2123;128;192;189;Lille;x;
2125;2;198;190;Yperen;x;
2129;170;210;192;Guines;x;
2132;86;6;66;Boulogne;x;
2140;2;30;70;Albret;x;
2141;44;33;198;Bordeaux;x;
2145;2;45;200;Saintonge;x;
2147;86;51;201;Aunis;x;
2148;128;54;74;Thouars;x;
2149;170;57;202;Montaigu;x;
2151;44;63;203;Nantes;x;
2154;170;72;77;Vannes;x;
2155;2;75;205;Cornouaille;x;
2157;86;81;206;Léon;x;
2161;44;93;208;Penthievre;x;
2165;2;105;210;Rennes;x;
2167;86;111;211;Avranches;x;
2170;2;120;85;Bayeux;x;
2171;44;123;213;Alençon;x;
2174;170;132;87;Lisieux;x;
2175;2;135;215;Rouen;x;
2176;44;138;88;Eu;x;
2181;44;153;218;Beaumont;x;
2184;170;162;92;Amiens;x;
2187;86;171;221;Clermont;x;
2192;86;186;96;Neufchâteau;x;
2198;128;204;99;Marsan;x;
2201;44;0;128;Armagnac;x;
2208;128;21;4;Toulouse;x;
2212;86;33;6;Albi;x;
2216;44;45;8;Uses;x;
2220;2;57;10;Millau;x;
2221;44;60;138;Gevaudan;x;
2225;2;72;140;Velay;x;
2226;44;75;13;Rouergue;x;
2230;2;87;15;Quercy;x;
2232;86;93;16;Agenais;x;
2236;44;105;18;Perigord;x;
2240;2;117;20;Limousin;x;
2244;170;129;22;Angouleme;x;
2249;170;144;152;Lusignan;x;
2251;44;150;153;Poitiers;x;
2260;2;177;30;Saumur;x;
2262;86;183;31;Anjou;x;
2264;170;189;32;Sable;x;
2270;2;207;35;Maine;x;
2273;128;3;164;Tourraine;x;
2276;44;12;38;Berry;x;
2277;86;15;166;Issoudun;x;
2281;44;27;168;Bourbon;x;
2283;128;33;169;Vendome;x;
2284;170;36;42;Bellac;x;
2285;2;39;170;La Marche;x;
2288;128;48;44;Clermont-sur-Allier;x;
2292;86;60;46;Auvergne;x;
2297;86;75;176;Forez;x;
2299;170;81;177;Thiers;x;
2302;86;90;51;Macon;x;
2306;44;102;53;Jaligny;x;
2307;86;105;181;Nevers;x;
2313;128;123;184;Sancerre;x;
2315;2;129;185;Orleans;x;
2316;44;132;58;Blois;x;
2322;43;78;23;Chartres;x;
2328;85;96;26;Evreux;x;
2333;128;183;194;Ile de France;x;
2337;86;195;196;Brie Française;x;
2339;85;111;156;Montargis;x;
2345;2;6;200;Auxerre;x;
2347;86;12;201;Chalon;x;
2349;170;18;202;Avalois;x;
2351;44;24;203;Tonnerrois;x;
2352;86;27;76;Sens;x;
2355;2;36;205;Meaux;x;
2358;128;45;79;Valois;x;
2361;44;54;208;Reims;x;
2363;128;60;209;Provins;x;
2367;86;72;211;Chalons;x;
2371;44;84;213;Troyes;x;
2374;170;93;87;Langres;x;
2380;2;111;90;Dijon;x;
2391;44;144;223;Rethel;x;
2397;86;162;226;Vermandois;x;
2402;86;177;1;Holland;x;
2405;2;186;130;Westfriesland;x;
2410;2;201;5;Frisia;x;
2414;170;0;7;Dokkum;x;
2416;44;6;8;Oversticht;x;
2417;86;9;136;Groningen;x;
2418;128;12;9;Ostfriesland;x;
2424;170;30;12;Nedersticht;x;
2426;44;36;13;Arnheim;x;
2429;170;45;142;Zutphen;x;
2430;2;48;15;Tecklenburg;x;
2433;128;57;144;Berg;x;
2436;44;66;18;Oldenburg;x;
2440;2;78;20;Osnabrück;x;
2467;86;159;161;Monferrato;x;
2471;44;171;163;Novara;x;
2472;86;174;36;Como;x;
2474;170;180;37;Pavia;x;
2479;170;195;167;Lombardia;x;
2483;128;207;169;Tortona;x;
2485;2;0;170;Luni;x;
2488;128;9;44;Parma;x;
2489;170;12;172;Cremona;x;
2493;128;24;174;Brescia;x;
2495;2;30;175;Trent;x;
2496;44;33;48;Verona;x;
2497;86;36;176;Mantua;x;
2500;2;45;50;Treviso;x;
2503;128;54;179;Padua;x;
2504;170;57;52;Veneto;x;
2507;86;66;181;Aquileia;x;
2512;86;81;56;Friuli;x;
2515;2;90;185;Görz;x;
2517;86;96;186;Venezia;x;
2518;128;99;59;Pula;x;
2524;170;117;62;Polesine;x;
2526;44;123;63;Ferrara;x;
2529;170;132;192;Bologna;x;
2534;170;147;67;Modena;x;
2536;44;153;68;Pisa;x;
2537;86;156;196;Lucca;x;
2543;128;174;199;Firenze;x;
2544;170;177;72;Arezzo;x;
2546;44;183;73;Ravenna;x;
2551;44;198;203;Casentino;x;
2555;2;210;205;Urbino;x;
2560;2;12;80;Siena;x;
2562;86;18;81;Orbetello;x;
2566;44;30;83;Orvieto;x;
2571;44;45;213;Viterbo;x;
2574;170;54;87;Roma;x;
2581;44;75;218;Spoleto;x;
2582;86;78;91;Ancona;x;
2588;128;96;94;Teramo;x;
2589;170;99;222;Tivoli;x;
2593;128;111;224;Capua;x;
2595;2;117;225;Abruzzi;x;
2597;86;123;226;Fermo;x;
2603;128;141;129;Lanciano;x;
2605;2;147;130;Foggia;x;
2607;86;153;131;Benevento;x;
2608;128;156;4;Napoli;x;
2612;86;168;6;Salerno;x;
2614;170;174;7;Apulia;x;
2620;2;192;10;Lecce;x;
2621;44;195;138;Bari;x;
2625;2;207;140;Rossano;x;
2626;44;210;13;Reggio Calabria;x;
2628;128;3;14;Cosenza;x;
2631;44;12;143;Camarda;x;
2633;128;18;144;Messina;x;
2635;2;24;145;Palermo;x;
2637;86;30;146;Agrigento;x;
2638;128;33;19;Siracusa;x;
2646;44;57;23;Malta;x;
2647;86;60;151;Bastia;x;
2649;170;66;152;Ajaccio;x;
2651;44;72;153;Vecchio;x;
2653;128;78;154;Cagliari;x;
2655;2;84;155;Tortoli;x;
2657;86;90;156;Gallura;x;
2659;170;96;157;Arborea;x;
2662;86;105;31;Logudoro;x;
2670;2;129;35;Munster;x;
2673;128;138;164;Dortmund;x;
2676;44;147;38;Mark;x;
2680;2;159;40;Arnsberg;x;
2689;170;186;172;Sayn;x;
2692;86;195;46;Mainz;x;
2698;128;0;49;Metz;x;
2701;44;9;178;Kaiserslautern;x;
2704;170;18;52;Saarbrücken;x;
2710;2;36;55;Puttlingen;x;
2717;86;57;186;Colmar;x;
2721;44;69;188;Strassburg;x;
2724;170;78;62;Speyer;x;
2731;44;99;193;Worms;x;
2735;2;111;195;Erbach;x;
2738;128;120;69;Durne;x;
2741;44;129;198;Frankfurt;x;
2743;128;135;199;Vaihingen;x;
2746;44;144;73;Baden;x;
2748;128;150;74;Württemberg;x;
2750;2;156;75;Breisgau;x;
2756;44;174;78;Hohenberg;x;
2757;86;177;206;Furstenberg;x;
2761;44;189;208;Grünningen;x;
2763;128;195;209;Zollern;x;
2766;44;204;83;Ulm;x;
2775;2;18;215;Burgau;x;
2776;44;21;88;Kempten;x;
2778;128;27;89;Augsburg;x;
2781;44;36;218;Alpsee;x;
2786;44;51;93;Ravensburg;x;
2791;44;66;223;Stade;x;
2793;128;72;224;Bremen;x;
2797;86;84;226;Dithmarschen;x;
2800;2;93;0;Lubeck;x;
2802;86;99;1;Hamburg;x;
2806;44;111;3;Mecklenburg;x;
2809;170;120;132;Rostock;x;
2810;2;123;5;Rügen;x;
2812;86;129;6;Werle;x;
2814;170;135;7;Havelberg;x;
2816;44;141;8;Wolgast;x;
2818;128;147;9;Wolin;x;
2822;86;159;11;Szczecin;x;
2826;44;171;13;Kolobrzeg;x;
2827;86;174;141;Slupsk;x;
2830;2;183;15;Gdansk;x;
2831;44;186;143;Pomesania;x;
2837;86;204;146;Minden;x;
2841;44;3;148;Paderborn;x;
2843;128;9;149;Waldeck;x;
2844;170;12;22;Lippe;x;
2845;2;15;150;Wolpe;x;
2851;44;33;153;Nassau;x;
2857;86;51;156;Marburg;x;
2858;128;54;29;Kassel;x;
2862;86;66;31;Klingenberg;x;
2867;86;81;161;Fulda;x;
2869;170;87;162;Würzburg;x;
2872;86;96;36;Hohenlohe;x;
2873;128;99;164;Bamberg;x;
2875;2;105;165;Ansbach;x;
2876;44;108;38;Nürnberg;x;
2878;128;114;39;Eichstätt;x;
2883;128;129;169;Ingolstadt;x;
2885;2;135;170;Nördlingen;x;
2893;128;159;174;Lüneburg;x;
2894;170;162;47;Dannenberg;x;
2896;44;168;48;Hannover;x;
2899;170;177;177;Stendal;x;
2901;44;183;178;Brunswick;x;
2906;44;198;53;Magdeburg;x;
2911;44;0;183;Hildesheim;x;
2916;44;15;58;Halberstadt;x;
2918;128;21;59;Göttingen;x;
2919;170;24;187;Gleichenstein;x;
2925;2;42;190;Wiltberg;x;
2931;44;60;193;Blankenburg;x;
2934;170;69;67;Mansfeld;x;
2935;2;72;195;Mersenburg;x;
2939;170;84;197;Rothenburg;x;
2941;44;90;198;Regensburg;x;
2945;2;102;200;München;x;
2948;128;111;74;Eschenlohe;x;
2950;2;117;75;Innsbruck;x;
2951;44;120;203;Lienz;x;
2952;86;123;76;Brixen;x;
2956;44;135;78;Falkenstein;x;
2957;86;138;206;Geisenhausen;x;
2959;170;144;207;Frontenhausen;x;
2960;2;147;80;Passau;x;
2966;44;165;83;Hohenburg;x;
2971;44;180;213;Schaumberg;x;
2973;128;186;214;Salzburg;x;
2976;44;195;88;Berchtesgaden;x;
2980;2;207;90;Görlitz;x;
2986;44;12;93;Parsberg;x;
2990;2;24;95;Leuchtenburg;x;
2995;2;39;225;Coburg;x;
2997;86;45;226;Vogtland;x;
2999;170;51;227;Orlamünde;x;
3000;3;54;0;Lobdaburg;x;
3006;45;72;3;Schmalkalden;x;
3012;87;90;6;Wolkenstein;x;
3014;171;96;7;Naumburg;x;
3015;3;99;135;Osterland;x;
3023;129;123;139;Dessau;x;
3024;171;126;12;Brene;x;
3027;87;135;141;Meissen;x;
3028;129;138;14;Dresden;x;
3040;3;174;20;Cieszyn;x;
3042;87;180;21;Ratibor;x;
3044;171;186;22;Bethen;x;
3045;3;189;150;Breslau;x;
3046;45;192;23;Nysa;x;
3047;87;195;151;Hradec;x;
3049;171;201;152;Brzeg;x;
3051;45;207;153;Opole;x;
3058;129;15;29;Legnica;x;
3059;171;18;157;Przemków;x;
3061;45;24;158;Milicz;x;
3064;171;33;32;Grunberg;x;
3065;3;36;160;Schweibus;x;
3066;45;39;33;Sprottau;x;
3072;87;57;36;Linz;x;
3073;129;60;164;Freistadt;x;
3075;3;66;165;Krems;x;
3079;171;78;167;Hohenau;x;
3080;3;81;40;Znojmo;x;
3083;129;90;169;Villach;x;
3084;171;93;42;Wien;x;
3089;171;108;172;Sankt Pölten;x;
3092;87;117;46;Pitten;x;
3093;129;120;174;Amstetten;x;
3095;3;126;175;Ljubljana;x;
3100;3;141;50;Kranj;x;
3103;129;150;179;Leibnitz;x;
3105;3;156;180;Kärnten;x;
3110;3;171;55;Graz;x;
3112;87;177;56;Knittelfeld;x;
3114;171;183;57;Kammersberg;x;
3119;171;198;187;Mürzzuschlag;x;
3130;3;18;65;Hallstatt;x;
3138;129;42;69;Lubsko;x;
3140;3;48;70;Spreewald;x;
3141;45;51;198;Cottbus;x;
3142;87;54;71;Lubusz;x;
3151;45;81;203;Santok;x;
3153;129;87;204;Cedynia;x;
3157;87;99;206;Brandenburg;x;
3158;129;102;79;Berlin;x;
3160;3;108;80;Prenzlau;x;
3167;87;129;211;Ruppin;x;
3173;129;147;214;Wittenberg;x;
3178;129;162;89;Jüterbog;x;
3186;45;186;93;Walcz;x;
3189;171;195;222;Szczytno;x;
3192;87;204;96;Swiecie;x;
3198;129;9;99;Chelmno;x;
3200;3;15;0;Sasna;x;
3201;45;18;128;Warmia;x;
3203;129;24;129;Natangia;x;
3204;171;27;2;Bartia;x;
3208;129;39;4;Sudovian;x;
3211;45;48;133;Galindia;x;
3266;45;0;33;Rohana;x;
3269;171;9;162;Batticaloa;x;
3271;45;15;163;Dakhina Desa;x;
3272;87;18;36;Pihiti;x;
3273;129;21;164;Kandy;x;
3274;171;24;37;Kotte;x;
3275;3;27;165;Jaffna;x;
3281;45;45;168;Trincomalee;x;
3342;87;15;71;Naddula;x;
3500;186;163;1;Završje;x;
3504;211;206;60;Donji Kraji;x;
3509;160;187;242;Soli;x;
3515;76;132;99;Vrbas;x;
3518;106;32;15;Krajina;x;
3520;220;24;43;Antipatreia;x;
3521;40;153;37;Pset;x;
3528;65;237;36;Požega;x;
3536;63;161;40;Modruš;x;
3541;228;108;24;Lika;x;
3548;89;154;113;Knin;x;
3553;57;79;33;Paganija;x;
3564;168;26;206;Vhrbosna;x;
3570;71;83;78;Thessaliotis;x;
3571;83;9;123;Travunija;x;
3574;133;158;228;Pomorje;x;
3581;93;108;31;Podrinje;x;
3593;121;80;36;Hvosno;x;
3598;141;162;221;Šumadija;x;
3604;57;42;94;Macva;x;
3608;71;148;94;Vukovár;x;
3611;230;89;206;Szerém;x;
3614;244;121;167;Rhodopes;x;
3618;231;37;174;Zherkovo;x;
3628;86;34;92;Burgas;x;
3631;236;20;244;Kran;x;
3632;1;188;58;Beroë;x;
3642;225;244;0;Skopje;x;
3648;51;195;121;Strumica;x;
3652;226;111;112;Pirin;x;
3654;220;59;58;Velbazhd;x;
3657;249;179;199;Niš;x;
3664;113;130;237;Branicevo;x;
3675;173;171;6;Vratsa;x;
3690;166;9;35;Aytos;x;
3702;120;15;9;Metzovo;x;
3706;222;170;30;Epeiros;x;
3711;232;230;0;Avlonas;x;
3718;252;128;130;Arbanon;x;
3722;92;230;134;Debar;x;
3727;117;47;165;Boeotia;x;
3770;9;93;11;Serres;x;
3781;64;75;162;Veria;x;
3791;17;54;38;Neopatras;x;
3805;3;126;130;Székesfehérvár;x;
3808;129;135;4;Esztergom;x;
3809;171;138;132;Komárom;x;
3811;45;144;133;Trencín;x;
3815;3;156;135;Poszony;x;
3817;87;162;136;Sopron;x;
3820;3;171;10;Vas;x;
3822;87;177;11;Gyor;x;
3824;171;183;12;Veszprém;x;
3827;87;192;141;Kolon;x;
3831;45;204;143;Nitra;x;
3835;3;3;145;Somogy;x;
3839;171;15;147;Tolna;x;
3842;87;24;21;Baranya;x;
3846;45;36;23;Bars;x;
3848;129;42;24;Hont;x;
3854;0;121;136;Liptov;x;
3856;45;66;28;Zólyom;x;
3861;45;81;158;Spiš;x;
3863;129;87;159;Bodrog;x;
3865;3;93;160;Csongrad;x;
3870;3;108;35;Borsod;x;
3873;129;117;164;Békés;x;
3877;87;129;166;Keve;x;
3882;87;144;41;Krassó;x;
3885;3;153;170;Zemplén;x;
3889;171;165;172;Szabolcs;x;
3895;3;183;175;Ungvár;x;
3903;129;207;179;Zaránd;x;
3905;3;0;180;Arad;x;
3907;87;6;181;Szatmár;x;
3919;171;42;187;Beszterce;x;
3924;171;57;62;Torda;x;
3931;45;78;193;Hunyad;x;
3940;3;105;70;Fogaras;x;
3942;87;111;71;Barcaság;x;
3968;129;189;84;Sakarai;x;
4000;4;72;0;Gilan;x;
4002;88;78;1;Ardabil;x;
4003;130;81;129;Maragha;x;
4005;4;87;130;Ruyan;x;
4006;46;90;3;Qazwin;x;
4007;88;93;131;Sarakhs;x;
4010;4;102;5;Tus;x;
4014;172;114;7;Nishapur;x;
4019;172;129;137;Baihaq;x;
4022;88;138;11;Juwain;x;
4024;172;144;12;Damghan;x;
4028;130;156;14;Gurgan;x;
4032;88;168;16;Dihistan;x;
4036;46;180;18;Farava;x;
4038;130;186;19;Samaiqan;x;
4041;46;195;148;Abivard;x;
4045;4;207;150;Khuwar;x;
4047;88;0;151;Ardestan;x;
4051;46;12;153;Yazd;x;
4057;88;30;156;Mafaza;x;
4062;88;45;31;Qain;x;
4067;88;60;161;Tun;x;
4072;88;75;36;Behabad;x;
4076;46;87;38;Kirman;x;
4082;88;105;41;Bam;x;
4087;88;120;171;Sirjan;x;
4089;172;126;172;Jiruft;x;
4093;130;138;174;Lar;x;
4096;46;147;48;Shahr-e-Babak;x;
4100;4;159;50;Qumisha;x;
4105;4;174;180;Isfahan;x;
4109;172;186;182;Qom;x;
4112;88;195;56;Luristan;x;
4114;172;201;57;Nihawand;x;
4117;88;210;186;Istakhr;x;
4122;88;12;61;Sardan;x;
4125;4;21;190;Praha;x;
4129;172;33;192;Litomerice;x;
4132;88;42;66;Žatec;x;
4134;172;48;67;Boleslav;x;
4140;4;66;70;Cáslav;x;
4143;130;75;199;Plzen;x;
4148;130;90;74;Olomouc;x;
4150;4;96;75;Doudleby;x;
4155;4;111;205;Jihlava;x;
4159;172;123;207;Prerov;x;
4163;130;135;209;Brno;x;
4171;46;159;213;Darabjerd;x;
4176;46;174;88;Shiraz;x;
4183;130;195;219;Opava;x;
4185;4;201;220;Hormuz;x;
4188;130;210;94;Sif-i-Umara;x;
4193;130;12;224;Irahistan;x;
4195;4;18;225;Mandestan;x;
4201;46;36;128;Darmashan;x;
4202;88;39;1;Zirkuh;x;
4204;172;45;2;Sabzevar;x;
4207;88;54;131;Bakharz;x;
4212;88;69;6;Badghis;x;
4215;4;78;135;Herat;x;
4218;130;87;9;Marv-ar-Rud;x;
4223;130;102;139;Rivsharan;x;
4224;172;105;12;Ghur;x;
4231;46;126;143;Upper Ghur;x;
4234;172;135;17;Merv;x;
4240;4;153;20;Amol;x;
4242;88;159;21;Firabr;x;
4246;46;171;23;Zamm;x;
4248;130;177;24;Kishsh;x;
4249;172;180;152;Guzgan;x;
4256;46;201;28;Tustar;x;
4260;4;0;30;Saimara;x;
4262;88;6;31;Masabadhan;x;
4263;130;9;159;Jabal Kufs;x;
4268;130;24;34;Bampur;x;
4274;172;42;37;Riqan;x;
4277;88;51;166;Sanij;x;
4283;130;69;169;Nih;x;
4284;172;72;42;Kiz;x;
4288;130;84;44;Zaranj;x;
4293;130;99;174;Farah;x;
4301;46;123;178;Arrajan;x;
4306;46;138;53;Ramhurmuz;x;
4310;4;150;55;Mazandaran;x;
4315;4;165;185;Baduspan;x;
4318;130;174;59;Rayy;x;
4325;4;195;190;Zanjan;x;
4328;130;204;64;Hamadan;x;
4332;88;3;66;Dinawar;x;
4334;172;9;67;Balkh;x;
4339;172;24;197;West-Tokharestan;x;
4342;88;33;71;Bamian;x;
4347;88;48;201;East-Tokharestan;x;
4353;130;66;204;Badakhshan;x;
4357;88;78;206;Munjan;x;
4360;4;87;80;Wakhan;x;
4363;130;96;209;Shughnan;x;
4366;46;105;83;Karran;x;
4368;130;111;84;Chaghaniyan;x;
4374;172;129;87;Wakhsh;x;
4378;130;141;89;Khuttal;x;
4381;46;150;218;Rasht;x;
4389;172;174;222;Nakhshab;x;
4394;172;189;97;Bukhara;x;
4399;172;204;227;Dabusiya;x;
4403;130;3;129;Samarkand;x;
4408;130;18;4;Zarafshan;x;
4411;46;27;133;Oshrusana;x;
4415;4;39;135;Uzboy;x;
4422;88;60;11;Isfara;x;
4427;88;75;141;Nasaiya;x;
4433;130;93;144;Ferghana;x;
4440;4;114;20;Darghan;x;
4444;172;126;22;Kath;x;
4449;172;141;152;Khiva;x;
4459;172;171;157;Kurdar;x;
4463;130;183;159;Rudbar;x;
4468;130;198;34;Panjgur;x;
4473;130;0;164;Khawr;x;
4478;130;15;39;Turan;x;
4482;88;27;41;Bost;x;
4489;172;48;172;Zamindawar;x;
4494;172;63;47;Rukhaj;x;
4497;88;72;176;Sibi;x;
4500;4;81;50;Ghazna;x;
4503;130;90;179;Kabul;x;
4507;88;102;181;Zabulistan;x;
4514;172;123;57;Chitral;x;
4517;88;132;186;Kalat;x;
4521;46;144;188;Urgun;x;
4524;172;153;62;Sarykamysh;x;
4534;172;183;67;Talish;x;
4536;46;189;68;Tabriz;x;
4550;4;18;75;Syrte;x;
4553;130;27;204;Waddan;x;
4554;172;30;77;Labda;x;
4557;88;39;206;Tripolitana;x;
4558;130;42;79;Jafara;x;
4562;88;54;81;Djerba;x;
4570;4;78;85;Ghadames;x;
4572;88;84;86;Bir Amir;x;
4573;130;87;214;Gabes;x;
4575;4;93;215;Sfax;x;
4578;130;102;89;Mahdiya;x;
4581;46;111;218;Tunis;x;
4585;4;123;220;Satfura;x;
4588;130;132;94;Annaba;x;
4589;172;135;222;Medjerda;x;
4592;88;144;96;Kairwan;x;
4598;130;162;99;West Qamuda;x;
4600;4;168;0;Qashtiliya;x;
4604;172;180;2;Souf;x;
4607;88;189;131;Tabassa;x;
4608;130;192;4;Arigh;x;
4611;46;201;133;Wargla;x;
4612;88;204;6;Touat;x;
4616;46;3;8;Ghardaia;x;
4618;130;9;9;Laghwat;x;
4620;4;15;10;Constantine;x;
4621;46;18;138;Biskra;x;
4627;88;36;141;Bilizma;x;
4635;4;60;145;Satif;x;
4636;46;63;18;Bejaia;x;
4641;46;78;148;Hodna;x;
4645;4;90;150;Ashir;x;
4648;130;99;24;Algier;x;
4652;88;111;26;Tanas;x;
4655;4;120;155;Yalala;x;
4658;130;129;29;Tahert;x;
4663;130;144;159;Tlemcen;x;
4664;172;147;32;Orania;x;
4668;130;159;34;Hunyan;x;
4674;172;177;37;Wajda;x;
4677;88;186;166;Taza;x;
4678;130;189;39;Melilla;x;
4680;4;195;40;Ceuta;x;
4683;130;204;169;Tangiers;x;
4687;88;3;171;Gharb;x;
4688;130;6;44;Fes;x;
4693;130;21;174;Meknes;x;
4702;88;48;51;Tamasna;x;
4706;46;60;53;Fazaz;x;
4707;88;63;181;Tadla;x;
4713;130;81;184;Marrakesh;x;
4715;4;87;185;Tinmallal;x;
4720;4;102;60;Asfi;x;
4723;130;111;189;Agadir;x;
4724;172;114;62;Sous;x;
4727;88;123;191;Ifni;x;
4733;130;141;194;Tudgha;x;
4735;4;147;195;Draa;x;
4737;88;153;196;Sijilmasa;x;
4739;172;159;197;Ziz;x;
4743;130;171;199;Muluya;x;
4749;172;189;202;Figuig;x;
4760;4;9;80;Taghaza;x;
4766;46;27;83;Bailaqan;x;
4770;4;39;85;Urmiya;x;
4773;130;48;214;Kurdistan;x;
4777;88;60;216;Irbil;x;
4778;130;63;89;Shahrazur;x;
4781;46;72;218;Kermanshah;x;
4788;130;93;94;Badaraya;x;
4791;46;102;223;Hulwan;x;
4794;172;111;97;Baghdad;x;
4797;88;120;226;Iskaf;x;
4799;172;126;227;Kirkuk;x;
4804;172;141;2;Samarra;x;
4806;46;147;3;Takrit;x;
4810;4;159;5;Ninive;x;
4813;130;168;134;Hakkari;x;
4819;172;186;137;Tib;x;
4821;46;192;138;Wasit;x;
4826;46;207;13;Kufa;x;
4829;172;3;142;Anbar;x;
4830;4;6;15;Karbala;x;
4836;46;24;18;Mosul;x;
4842;88;42;21;Nasibin;x;
4843;130;45;149;Sinjar;x;
4847;88;57;151;Tall Basma;x;
4852;88;72;26;Khabur;x;
4853;130;75;154;Upper Khabur;x;
4857;88;87;156;Mayyafariqin;x;
4861;46;99;158;Bakriya;x;
4866;46;114;33;Amida;x;
4869;172;123;162;Edessa;x;
4870;4;126;35;Harran;x;
4873;130;135;164;Dausar;x;
4876;46;144;38;Raqqa;x;
4884;172;168;42;Hadithat-Ana;x;
4886;46;174;43;al-Haditha;x;
4888;130;180;44;Rahba;x;
4890;4;186;45;Marash;x;
4892;88;192;46;Samosata;x;
4895;4;201;175;Tall Hamid;x;
4899;172;0;177;Aintab;x;
4900;4;3;50;Poznan;x;
4905;4;18;180;Gniezno;x;
4909;172;30;182;Kalisz;x;
4912;88;39;56;Wschowa;x;
4915;4;48;185;Krajna;x;
4918;130;57;59;Kujawy;x;
4922;88;69;61;Dobrzyn;x;
4924;172;75;62;Leczyca;x;
4931;46;96;193;Wielun;x;
4940;4;123;70;Gostynin;x;
4943;130;132;199;Lomza;x;
4946;46;141;73;Zakroczym;x;
4951;46;156;203;Stezyca;x;
4953;130;162;204;Radom;x;
4957;88;174;206;Lublin;x;
4965;4;198;210;Tarnów;x;
4977;88;21;216;Tabla Bu0ii;x;
4978;130;24;89;Târgu Jiu;x;
4981;46;33;218;Calafat;x;
4985;4;45;220;Craiova;x;
4995;4;75;225;Tîrgovi0te;x;
4997;88;81;226;Calara0i;x;
5000;5;90;0;Buzau;x;
5003;131;99;129;Braila;x;
5005;5;105;130;Polovragi;x;
5012;89;126;6;Chilia;x;
5015;5;135;135;Tigheci;x;
5017;89;141;136;Lapu0na;x;
5019;173;147;137;Orhei;x;
5021;47;153;138;Soroca;x;
5029;173;177;142;Stoene0ti;x;
5031;47;183;143;Neam0;x;
5038;131;204;19;Dorohoi;x;
5040;5;210;20;Hotin;x;
5043;131;6;149;Volkovysk;x;
5045;5;12;150;Novogrudok;x;
5051;47;30;153;Peresopnytsia;x;
5057;89;48;156;Dorohychyn;x;
5063;131;66;159;Lviv;x;
5070;5;87;35;Zaslavl;x;
5073;131;96;164;Cherven;x;
5077;89;108;166;Belz;x;
5087;89;138;171;Zhytomyr;x;
5091;47;150;173;Zvyahel;x;
5095;5;162;175;Chornobyl;x;
5098;131;171;49;Ushytsia;x;
5104;173;189;52;Korosten;x;
5109;173;204;182;Dubrovytsia;x;
5114;173;6;57;Slutsk;x;
5117;89;15;186;Kletsk;x;
5119;173;21;187;Babruysk;x;
5127;89;45;191;Orsha;x;
5129;173;51;192;Polotsk;x;
5134;173;66;67;Vitebsk;x;
5137;89;75;196;Novgorod;x;
5143;131;93;199;Rusa;x;
5146;47;102;73;Pskov;x;
5150;5;114;75;Sebezh;x;
5153;131;123;204;Tikhvin;x;
5156;47;132;78;Beloozero;x;
5159;173;141;207;Vyangi;x;
5161;47;147;208;Luki;x;
5164;173;156;82;Valdai;x;
5168;131;168;84;Bezichi;x;
5170;5;174;85;Toropets;x;
5173;131;183;214;Tver;x;
5181;47;207;218;Hradyzk;x;
5185;5;6;220;Romen;x;
5189;173;18;222;Voin';x;
5193;131;30;224;Putyvl;x;
5196;47;39;98;Kursk;x;
5206;47;69;3;Sevsk;x;
5209;173;78;132;Karachev;x;
5212;89;87;6;Kozelsk;x;
5215;5;96;135;Novosil;x;
5217;89;102;136;Odoyev;x;
5221;47;114;138;Gnezdovo;x;
5247;89;192;151;Plyos;x;
5257;89;9;156;Ladyzyn;x;
5260;5;18;30;Uman;x;
5263;131;27;159;Cherkassy;x;
5269;173;45;162;Kherson;x;
5272;89;54;36;Dnipro;x;
5277;89;69;166;Perekop;x;
5287;89;99;171;Kazanskaya;x;
5296;47;126;48;Zichia;x;
5299;173;135;177;Maghas;x;
5305;5;153;180;Samander;x;
5307;89;159;181;Samiran;x;
5313;131;177;184;Saqsin;x;
5350;5;75;75;Voronezh;x;
5353;131;84;204;Tambov;x;
5357;89;96;206;Kozlov;x;
5359;173;102;207;Lachyk-Uba;x;
5371;47;138;213;Karatayak;x;
5374;173;147;87;Tuluchezeva;x;
5377;89;156;216;Balachev;x;
5383;131;174;219;Saran;x;
5388;131;189;94;Durovka;x;
5390;5;195;95;Petrovsk;x;
5401;47;15;128;Elabuga;x;
5407;89;33;131;Yar Calli;x;
5410;5;42;5;Atkarsk;x;
5412;89;48;6;Karabolam;x;
5418;131;66;9;Belebey;x;
5422;89;78;11;Jalmat;x;
5426;47;90;13;Bugurslan;x;
5429;173;99;142;Salavat;x;
5437;89;123;146;Sebur;x;
5441;47;135;148;Lysva;x;
5445;5;147;150;Kumych;x;
5449;173;159;152;Votkinsk;x;
5455;5;177;155;Kerken;x;
5463;131;201;159;Glazov;x;
5466;47;210;33;Kolyn;x;
5470;5;9;35;Cykma;x;
5478;131;33;39;Yanokul;x;
5482;89;45;41;Sakmara;x;
5486;47;57;43;Uiska;x;
5490;5;69;45;Karabash;x;
5493;131;78;174;Uraltau;x;
5504;173;111;52;Jambalar;x;
5519;173;156;187;Yekaterinburg;x;
5523;131;168;189;Chadrinsk;x;
5524;173;171;62;Chelabinsk;x;
5529;173;186;192;Aeolis;x;
5535;5;204;195;Thyatira;x;
5536;47;207;68;Hadrianeia;x;
5542;89;12;71;Lydia;x;
5551;47;39;203;Mysia;x;
5567;89;87;211;Tarsos;x;
5574;173;108;87;Hadrianopolis;x;
5584;173;138;92;Pompeiopolis;x;
5593;131;165;224;Euchaita;x;
5597;89;177;226;Zela;x;
5599;173;183;227;Sebasteia;x;
5604;173;198;2;Azysia;x;
5616;47;21;8;Kyzistra;x;
5632;89;69;16;Lower Galatia;x;
5637;89;84;146;Pamphylia;x;
5647;89;114;151;Caria;x;
5651;47;126;153;Pacatiana;x;
5654;173;135;27;Galatia Salutaris;x;
5657;89;144;156;Philomelion;x;
5663;131;162;159;Selge;x;
5672;89;189;36;Isauria;x;
5696;47;48;48;Acampse;x;
5702;89;66;51;Satala;x;
5713;131;99;184;Turuberan;x;
5720;5;120;60;Bagrewand;x;
5733;131;159;194;Vanand;x;
5738;131;174;69;Klarjeti;x;
5751;47;0;203;Svaneti;x;
5758;131;21;79;Tbilisi;x;
5777;89;78;216;Aran;x;
5788;131;111;94;Mugan;x;
5798;131;141;99;Kholmogory;x;
5803;131;156;129;Onega;x;
5807;89;168;131;Povenets;x;
5811;47;180;133;Pudozh;x;
5814;173;189;7;Kargopol;x;
5817;89;198;136;Kirillov;x;
5820;5;207;10;Totma;x;
5824;173;6;12;Vologda;x;
5829;173;21;142;Lyubim;x;
5832;89;30;16;Onsthia;x;
5835;5;39;145;Choklema;x;
5838;131;48;19;Ustyug;x;
5842;89;60;21;Shenkursk;x;
5845;5;69;150;Velsk;x;
5849;173;81;152;Kevrola;x;
5865;5;129;160;Sosva;x;
5869;173;141;162;Kartauzh;x;
5871;47;147;163;Pelym;x;
5874;173;156;37;Koshuki;x;
5879;173;171;167;Neramkary;x;
5881;47;177;168;Tabary;x;
5884;173;186;42;Laia;x;
5892;89;210;46;Sabakyul;x;
5897;89;12;176;Koda;x;
5903;131;30;179;Alexandretta;x;
5906;47;39;53;Aleppo;x;
5909;173;48;182;Antiocheia;x;
5914;173;63;57;Shayzar;x;
5916;47;69;58;Tripoli;x;
5917;89;72;186;Homs;x;
5919;173;78;187;Beirut;x;
5921;47;84;188;Acre;x;
5922;89;87;61;Tiberias;x;
5923;131;90;189;Damascus;x;
5925;5;96;190;Baalbek;x;
5927;89;102;191;Juwair;x;
5930;5;111;65;Hama;x;
5933;131;120;194;Qinnasrin;x;
5939;173;138;197;Syrrusafa;x;
5941;47;144;198;Suriya;x;
5944;173;153;72;Sukhna;x;
5947;89;162;201;Palmyra;x;
5949;173;168;202;Qaryatan;x;
5955;5;186;205;Hauran;x;
5958;131;195;79;Irbid;x;
5961;47;204;208;Jaffa;x;
5963;131;210;209;Jerusalem;x;
5967;89;9;211;Ghazza;x;
5969;173;15;212;Negev;x;
5970;5;18;85;Farama;x;
5974;173;30;87;Al-Aqabah;x;
5975;5;33;215;Ma'an;x;
5978;131;42;89;Kerak;x;
5981;47;51;218;Ma'ab;x;
5984;173;60;92;Balqa';x;
5988;131;72;94;Jilat;x;
5989;173;75;222;Sirhan;x;
5990;5;78;95;Safata;x;
5994;173;90;97;Qadisiya;x;
5999;173;105;227;Waqisa;x;
6001;48;111;128;Akhadid;x;
6003;132;117;129;Batiha;x;
6005;6;123;130;Rusafa;x;
6009;174;135;132;Ahvaz;x;
6013;132;147;134;Dawraq;x;
6016;48;156;8;Abbadan;x;
6019;174;165;137;Basra;x;
6020;6;168;10;Ubulla;x;
6030;6;198;15;Firaun;x;
6032;90;204;16;Sinai;x;
6039;174;12;147;Cairo;x;
6040;6;15;20;Sharkiya;x;
6043;132;24;149;Damietta;x;
6047;90;36;151;Al-Gharbiya;x;
6052;90;51;26;Al-Buhaira;x;
6053;132;54;154;Alexandria;x;
6056;48;63;28;Giza;x;
6059;174;72;157;Fayyum;x;
6062;90;81;31;Bahnasa;x;
6067;90;96;161;Ushmun;x;
6070;6;105;35;Asyut;x;
6074;174;117;37;Qus;x;
6079;174;132;167;Aswan;x;
6083;132;144;169;Kharga;x;
6085;6;150;170;Dakhla;x;
6088;132;159;44;Farafra;x;
6089;174;162;172;Bahriya;x;
6092;90;171;46;Siwa;x;
6095;6;180;175;Sullum;x;
6098;132;189;49;Tobruk;x;
6099;174;192;177;Derna;x;
6102;90;201;51;Barqa;x;
6106;48;0;53;Awjila;x;
6109;174;9;182;Qusayr;x;
6110;6;12;55;Aydhab;x;
6111;48;15;183;Allaqi;x;
6118;132;36;59;Jabal Quzlum;x;
6129;174;69;192;Julfar;x;
6134;174;84;67;Batina;x;
6137;90;93;196;Dhahira;x;
6139;174;99;197;Nizwa;x;
6143;132;111;199;Muscat;x;
6148;132;126;74;Dhafra;x;
6150;6;132;75;Uqayr;x;
6152;90;138;76;Al-Hasa;x;
6156;48;150;78;Uwal;x;
6157;90;153;206;Qatif;x;
6161;48;165;208;Samman;x;
6163;132;171;209;Yabrin;x;
6168;132;186;84;Tha'labiya;x;
6171;48;195;213;Shaqiq;x;
6172;90;198;86;Ha'il;x;
6176;48;210;88;Al-Jawf;x;
6186;48;27;93;Tabuk;x;
6190;6;39;95;Tayma';x;
6194;174;51;97;Wajh;x;
6198;132;63;99;Yanbu;x;
6199;174;66;227;Khaybar;x;
6206;48;87;3;Sharaf;x;
6211;48;102;133;Medina;x;
6216;48;117;8;Harrat Rahat;x;
6220;6;129;10;Mecca;x;
6224;174;141;12;Tihama;x;
6225;6;144;140;Ta'if;x;
6228;132;153;14;Subay;x;
6232;90;165;16;Asir;x;
6235;6;174;145;Bisha;x;
6240;6;189;20;Tihamat al-Yamani;x;
6242;90;195;21;Najran;x;
6245;6;204;150;Aqiq;x;
6248;132;0;24;Falaj;x;
6251;48;9;153;Yamama;x;
6254;174;18;27;Al-'Arid;x;
6257;90;27;156;Surrah;x;
6261;48;39;158;Qasim;x;
6268;132;60;34;Duqm;x;
6272;90;72;36;San'a';x;
6278;132;90;39;Zabid;x;
6282;90;102;41;Mandab;x;
6284;174;108;42;Ta'izz;x;
6291;48;129;173;Dathina;x;
6293;132;135;174;Mahra;x;
6296;48;144;48;Al-Jawf al-Yamani;x;
6300;6;156;50;Wabar;x;
6302;90;162;51;Ahqaf;x;
6304;174;168;52;Hadramawt;x;
6309;174;183;182;Kinda Sakun;x;
6313;132;195;184;Al-As'a';x;
6314;174;198;57;Dhufar;x;
6329;174;30;192;Qurta;x;
6332;90;39;66;Qasr Ibrim;x;
6335;6;48;195;Faras;x;
6337;90;54;196;Batn al-hajar;x;
6339;174;60;197;Sai;x;
6341;48;66;198;Dongola;x;
6346;48;81;73;Meroë;x;
6350;6;93;75;Abwab;x;
6351;48;96;203;Kurgus;x;
6352;90;99;76;Abu Hammad;x;
6355;6;108;205;Atbara;x;
6361;48;126;208;Kalabsha;x;
6367;90;144;211;Shamir;x;
6371;48;156;213;Suakin;x;
6372;90;159;86;Naqis;x;
6375;6;168;215;Wadi Amur;x;
6376;48;171;88;Baqlin;x;
6378;132;177;89;Bazin;x;
6380;6;183;90;Badi;x;
6390;6;0;95;Ushara;x;
6391;48;3;223;Alodia;x;
6396;48;18;98;Gezira;x;
6400;6;30;0;Sennar;x;
6404;174;42;2;Eleila;x;
6407;90;51;131;Naga;x;
6411;48;63;133;Kassala;x;
6413;132;69;134;Djarin;x;
6415;6;75;135;Wadi el-milk;x;
6429;174;117;142;Tagali;x;
6433;132;129;144;Fazughli;x;
6436;48;138;18;Wolqayt;x;
6437;90;141;146;Showak;x;
6438;132;144;19;Qataa;x;
6446;48;168;23;Zawila;x;
6448;132;174;24;Germa;x;
6450;6;180;25;Murzuk;x;
6452;90;186;26;Djado;x;
6455;6;195;155;Dirku;x;
6457;90;201;156;Bilma;x;
6460;6;210;30;Ghat;x;
6463;132;6;159;Djanet;x;
6465;6;12;160;Tamentit;x;
6469;174;24;162;Saoura;x;
6470;6;27;35;Tindouf;x;
6471;48;30;163;Zammour;x;
6473;132;36;164;Tiris;x;
6475;6;42;165;Azukki;x;
6476;48;45;38;Wadan;x;
6480;6;57;40;Amatlus;x;
6483;132;66;169;Garumele;x;
6484;174;69;42;Kanem;x;
6487;90;78;171;Jimi;x;
6493;132;96;174;Bodele;x;
6495;6;102;175;Ain Galakka;x;
6497;90;108;176;Tibesti;x;
6504;174;129;52;Yau;x;
6509;174;144;182;Kagha;x;
6511;48;150;183;Bornu;x;
6514;174;159;57;Munio;x;
6517;90;168;186;Kano;x;
6520;6;177;60;Rano;x;
6521;48;180;188;Bauchi;x;
6522;90;183;61;Fika;x;
6523;132;186;189;Kwararafa;x;
6524;174;189;62;Keffi;x;
6526;48;195;63;Katagum;x;
6536;48;12;68;Daura;x;
6537;90;15;196;Katsina;x;
6539;174;21;197;Gobir;x;
6540;6;24;70;Sokoto;x;
6543;132;33;199;Zaria;x;
6545;6;39;200;Kaduna;x;
6546;48;42;73;Opanda;x;
6547;90;45;201;Guwari;x;
6548;132;48;74;Nupe;x;
6552;90;60;76;Yauri;x;
6554;174;66;77;Kebbi;x;
6557;90;75;206;Tahoua;x;
6560;6;84;80;Takkeda;x;
6561;48;87;208;Air;x;
6564;174;96;82;Tessalit;x;
6566;48;102;83;Tadmekka;x;
6568;132;108;84;Dyamare;x;
6571;48;117;213;Kukiya;x;
6574;174;126;87;Ansongo;x;
6576;48;132;88;Gao;x;
6581;48;147;218;Tirakka;x;
6582;90;150;91;Upper Gurma;x;
6610;6;21;5;Arawan;x;
6611;48;24;133;Kouga;x;
6615;6;36;135;Mema;x;
6619;174;48;137;Massina;x;
6623;132;60;139;Awkar;x;
6625;6;66;140;Walata;x;
6626;48;69;13;Masin;x;
6632;90;87;16;Dodugu;x;
6633;132;90;144;Soso;x;
6635;6;96;145;Sibi;x;
6639;174;108;147;Tabon;x;
6641;48;114;148;Kita;x;
6646;48;129;23;Bindugu;x;
6647;90;132;151;Jenne;x;
6670;6;201;35;Kurmina;x;
6675;6;3;165;Gondo;x;
6678;132;12;39;Oudalan;x;
6683;132;27;169;Bura;x;
6685;6;33;170;Kurumba;x;
6686;48;36;43;Gurma;x;
6688;132;42;44;Say;x;
6694;174;60;47;Yatenga;x;
6699;174;75;177;Wagadugu;x;
6701;48;81;178;Seno;x;
6704;174;90;52;Bandiagara;x;
6708;132;102;54;Bena;x;
6714;174;120;57;Dendi;x;
6717;90;129;186;Ilo;x;
6718;132;132;59;Bussa;x;
6719;174;135;187;Biun;x;
6722;90;144;61;Sikasso;x;
6725;6;153;190;Dakajalan;x;
6728;132;162;64;Niani;x;
6733;132;177;194;Kankan;x;
6737;90;189;196;Bure;x;
6743;132;207;199;Gangaran;x;
6744;174;210;72;Bambuk;x;
6746;48;3;73;Galam;x;
6754;174;27;77;Kaarta;x;
6756;48;33;78;Yelimane;x;
6757;90;36;206;Kaniaga;x;
6759;174;42;207;Kingui;x;
6762;90;51;81;Tichitt;x;
6764;174;57;82;Hodh;x;
6767;90;66;211;Tagant;x;
6772;90;81;86;Guidimaka;x;
6775;6;90;215;Jowol;x;
6778;132;99;89;Silla;x;
6781;48;108;218;Podor;x;
6782;90;111;91;Takrur;x;
6783;132;114;219;Kayor;x;
6797;90;156;226;Dhraina;x;
6801;48;168;128;Konko;x;
6804;174;177;2;Baguirmi;x;
6808;132;189;4;Barma;x;
6810;6;195;5;Banre;x;
6813;132;204;134;Kotoko;x;
6815;6;210;135;Wandala;x;
6818;132;6;9;Diamare;x;
6823;132;21;139;Garoua;x;
6828;132;36;14;Kera;x;
6832;90;48;16;Kuku;x;
6833;132;51;144;Tumak;x;
6835;6;57;145;Masa;x;
6842;90;78;21;Dár Rashíd;x;
6845;6;87;150;Fellata;x;
6848;132;96;24;Fitri;x;
6849;174;99;152;Ghazzal;x;
6854;174;114;27;Kadam;x;
6858;132;126;29;Salamat;x;
6860;6;132;30;Dár Sila;x;
6862;90;138;31;Wadaï;x;
6865;6;147;160;Masalit;x;
6868;132;156;34;Ayn Farah;x;
6869;174;159;162;El-Fasher;x;
6871;48;165;163;Dár al-Saíd;x;
6876;48;180;38;Dár al-Ríh;x;
6879;174;189;167;East Darfur;x;
6881;48;195;168;West Kordofan;x;
6883;132;201;169;Kordofan;x;
6891;48;12;173;Qimr;x;
6898;132;33;49;South Kordofan;x;
6910;6;69;55;Ilorin;x;
6912;90;75;56;Oyo;x;
6917;90;90;186;Nikki;x;
6920;6;99;60;Ilesa;x;
6924;174;111;62;Djugu;x;
6925;6;114;190;Shabe;x;
6929;174;126;192;Pendjari;x;
6933;132;138;194;Mamprusi;x;
6936;48;147;68;Kuisugu;x;
6942;90;165;71;Dagomba;x;
6944;174;171;72;Gonja;x;
6946;48;177;73;Daboya;x;
6947;90;180;201;Po;x;
6951;48;192;203;Lobi;x;
6955;6;204;205;Wa;x;
6960;6;6;80;Loropeni;x;
6961;48;9;208;Begho;x;
6962;90;12;81;Bonduku;x;
6967;90;27;211;Bonoso;x;
6970;6;36;85;Bono;x;
6972;90;42;86;Dyulaso;x;
6976;48;54;88;Leraba;x;
6977;90;57;216;Kong;x;
6980;6;66;90;Nyene;x;
6984;174;78;92;Tyendugu;x;
6988;132;90;94;Kabarasana;x;
6989;174;93;222;Worodugu;x;
6992;90;102;96;Toro;x;
6995;6;111;225;Kuranko;x;
6996;48;114;98;Konyan;x;
7000;7;126;0;Belogorje;x;
7001;49;129;128;Bardak;x;
7006;49;144;3;Sibir;x;
7013;133;165;134;Petropavolsk;x;
7014;175;168;7;Dolgujar;x;
7018;133;180;9;Vargashi;x;
7019;175;183;137;Petropavl;x;
7022;91;192;11;Kush-Murun;x;
7023;133;195;139;Karasu;x;
7030;7;3;15;Kazanskoye;x;
7036;49;21;18;Atbasar;x;
7042;91;39;21;Teniz;x;
7043;133;42;149;Pavlodar;x;
7044;175;45;22;Omsk;x;
7047;91;54;151;Kainsk;x;
7059;175;90;157;Shchuchinsk;x;
7062;91;99;31;Teke;x;
7065;7;108;160;Qoshagyl;x;
7070;7;123;35;Kos-Buwak;x;
7094;175;195;47;Barsuki;x;
7099;175;210;177;Terekli;x;
7104;175;12;52;Aral Karakum;x;
7108;133;24;54;Raimskoe;x;
7118;133;54;59;Uzgend;x;
7119;175;57;187;Sighnaq;x;
7121;49;63;188;Quriltay;x;
7126;49;78;63;Shavgar;x;
7141;49;123;198;Taraz;x;
7147;91;141;201;Balashagun;x;
7149;175;147;202;Cherik;x;
7155;7;165;205;Aksuyek;x;
7158;133;174;79;Kaskelen;x;
7159;175;177;207;Kopathal;x;
7164;175;192;82;Almaty;x;
7168;133;204;84;Qayaliq;x;
7171;49;0;213;Uchkul;x;
7175;7;12;215;Guzkol;x;
7179;175;24;217;Chuguchak;x;
7187;91;48;221;Emil;x;
7190;7;57;95;Karamay;x;
7194;175;69;97;Jinsko;x;
7202;91;93;1;Ghulja;x;
7203;133;96;129;Kash;x;
7221;49;150;138;Manatau;x;
7226;49;165;13;Sagiz;x;
7233;133;186;144;Basagha;x;
7236;49;195;18;Baisary;x;
7239;175;204;147;Kos Uba;x;
7242;91;0;21;Mugodzhar Hills;x;
7249;175;21;152;Jitikul;x;
7254;175;36;27;Tumar;x;
7257;91;45;156;Murun Tomis;x;
7262;91;60;31;Jilali;x;
7264;175;66;32;Ulu Jitanjik;x;
7269;175;81;162;Ulytau;x;
7273;133;93;164;Kaska;x;
7286;49;132;43;Kulan Utmas;x;
7289;175;141;172;Jasky Kart;x;
7292;91;150;46;Uliuty;x;
7298;133;168;49;Karabas;x;
7300;7;174;50;Tokumbay;x;
7305;7;189;180;Nurtay;x;
7308;133;198;54;Betpa;x;
7313;133;0;184;Targyl;x;
7319;175;18;187;Degelen;x;
7320;7;21;60;Jiran Suat;x;
7321;49;24;188;Koi-Bagar;x;
7327;91;42;191;Kulan-Uynak;x;
7332;91;57;66;Jinghiz;x;
7336;49;69;68;Kalbin;x;
7337;91;72;196;Arkat;x;
7346;49;99;73;Semey;x;
7360;7;141;80;Chich;x;
7363;133;150;209;Tartas;x;
7366;49;159;83;Umiai;x;
7368;133;165;84;Vasyugan;x;
7373;133;180;214;Ubins;x;
7375;7;186;215;Igaran;x;
7378;133;195;89;Konda;x;
7381;49;204;218;Kolyvan;x;
7385;7;3;220;Sartlan;x;
7388;133;12;94;Kuchuk;x;
7392;91;24;96;Kulunda;x;
7396;49;36;98;Barnaul;x;
7400;7;48;0;Kachu;x;
7403;133;57;129;Aley;x;
7404;175;60;2;Korgon;x;
7410;7;78;5;Terektai;x;
7415;7;93;135;Kondoma;x;
7417;91;99;136;Kyin;x;
7420;7;108;10;Sorok;x;
7424;175;120;12;Torema;x;
7427;91;129;141;Ob;x;
7432;91;144;16;Kiia;x;
7435;7;153;145;Taskyl;x;
7439;175;165;147;Chulym;x;
7441;49;171;148;Kojuk;x;
7447;91;189;151;Sochur;x;
7449;175;195;152;Yenisei;x;
7458;133;9;29;Chamil;x;
7459;175;12;157;Beshbalik;x;
7469;175;42;162;Barkul;x;
7478;133;69;39;Qinggil;x;
7483;133;84;169;Agairik;x;
7486;49;93;43;Narym;x;
7489;175;102;172;Torangy Kul;x;
7492;91;111;46;Hoboksar;x;
7496;49;123;48;Ulan Chuzir;x;
7499;175;132;177;Jie;x;
7502;91;141;51;Balgun;x;
7506;49;153;53;Kara Asirgan;x;
7509;175;162;182;Boro Burgasu;x;
7514;175;177;57;Tavan Bogd;x;
7517;91;186;186;Mumo;x;
7532;91;18;66;Örgöö;x;
7536;49;30;68;Naushki;x;
7537;91;33;196;Khentii;x;
7543;133;51;199;Baibalik;x;
7546;49;60;73;Khökhöö;x;
7549;175;69;202;Karatsagaan;x;
7552;91;78;76;Selenga;x;
7556;49;90;78;Tunka;x;
7559;175;99;207;Khasagt Khairkhan;x;
7562;91;108;81;Bombögör;x;
7567;91;123;211;Tövkhön;x;
7568;133;126;84;Ongi;x;
7574;175;144;87;Oigon;x;
7578;133;156;89;Uliastai;x;
7583;133;171;219;Tömörbulag;x;
7586;49;180;93;Ulantaiga;x;
7593;133;201;224;Zarman;x;
7596;49;210;98;Uvs Nuur;x;
7597;91;0;226;Ulaangom;x;
7600;7;9;0;Tesiin Gol;x;
7605;7;24;130;Urgamal;x;
7608;133;33;4;Khar Us;x;
7611;49;42;133;Harhiraa;x;
7614;175;51;7;Tsambagarau;x;
7619;175;66;137;Tapsa;x;
7623;133;78;139;Azas;x;
7625;7;84;140;Western Tannu;x;
7631;49;102;143;Katu-Yaryk;x;
7635;7;114;145;Kantegir;x;
7639;175;126;147;Stoyanka;x;
7643;133;138;149;Julym;x;
7648;133;153;24;Jerjul;x;
7651;49;162;153;Kizir;x;
7654;175;171;27;Anja;x;
7657;91;180;156;Kyzylkul;x;
7661;49;192;158;Kuzbas;x;
7664;175;201;32;Shor;x;
7666;49;207;33;Uul Chors;x;
7670;7;6;35;Burugu Aallar;x;
7673;133;15;164;Chagdy Aallar;x;
7676;49;24;38;Songuu Aallar;x;
7679;175;33;167;Karauda;x;
7682;91;42;41;Shityy;x;
7685;7;51;170;Kropot;x;
7688;133;60;44;Mönkh Saridag;x;
7690;7;66;45;Ulan-Ude;x;
7694;175;78;47;Chikoy;x;
7697;91;87;176;Kotokel;x;
7700;7;96;50;Yera;x;
7703;133;105;179;Muya;x;
7708;133;120;54;Kotera;x;
7712;91;132;56;Vitim;x;
7715;7;141;185;Karabaigal;x;
7718;133;150;59;Chuya;x;
7720;7;156;60;Baigaluuls;x;
7721;49;159;188;Uulynkhöl;x;
7727;91;177;191;Ryty;x;
7730;7;186;65;Eülge;x;
7736;49;204;68;Mana;x;
7738;133;210;69;Shishina;x;
7741;49;6;198;Kankhot;x;
7744;175;15;72;Tagul;x;
7747;91;24;201;Üd;x;
7751;49;36;203;Bura;x;
7755;7;48;205;Tulun;x;
7758;133;57;79;Kymyl'Tey;x;
7761;49;66;208;Okangara;x;
7764;175;75;82;Kada;x;
7767;91;84;211;Kitoï;x;
7770;7;93;85;Gatsuurgazar;x;
7772;91;99;86;Ilga;x;
7775;7;108;215;Erhüü;x;
7777;91;114;216;Olkhon;x;
7791;49;156;223;Panaji;x;
7806;49;201;3;Uraiyur;x;
7815;7;15;135;Renandu;x;
7828;133;54;14;Tiruvannamalai;x;
7840;7;90;20;Cumbum;x;
7850;7;120;25;Banavasi;x;
7854;175;132;27;Gutti;x;
7855;7;135;155;Adoni;x;
7874;175;192;37;Koppam;x;
7920;7;117;60;Mahur;x;
7947;91;198;201;Allai;x;
7951;49;210;203;Golaghmuli;x;
7954;175;6;77;Yasin;x;
7966;49;42;83;Terek Pass;x;
7978;133;78;89;Luntai;x;
7985;7;99;220;Toksun;x;
7990;7;114;95;Kumtag;x;
8000;8;144;0;Afram;x;
8001;50;147;128;Upper Bono;x;
8006;50;162;3;Kwahu-Akyem;x;
8008;134;168;4;Kumasi;x;
8012;92;180;6;Adanse;x;
8017;92;195;136;Fante;x;
8020;8;204;10;Wassa;x;
8024;176;3;12;Aowin;x;
8027;92;12;141;Ndenye;x;
8030;8;21;15;Nanumba;x;
8031;50;24;143;Ewe;x;
8033;134;30;144;Todo;x;
8040;8;51;20;Abomey;x;
8042;92;57;21;Sokode;x;
8045;8;66;150;Savalu;x;
8050;8;81;25;Ketu;x;
8051;50;84;153;Ifonyin;x;
8055;8;96;155;Igana;x;
8061;50;114;158;Ibadan;x;
8064;176;123;32;Ijebu;x;
8066;50;129;33;Owu;x;
8068;134;135;34;Ife;x;
8071;50;144;163;Benin;x;
8073;134;150;164;Edo;x;
8077;92;162;166;Kyadya;x;
8079;176;168;167;Yagba;x;
8081;50;174;168;Igbomina;x;
8087;92;192;171;Ijaw;x;
8107;92;39;181;Igala;x;
8109;176;45;182;Idoma;x;
8110;8;48;55;Igbo;x;
8117;92;69;186;Ibibo;x;
8131;50;111;193;Nzi;x;
8135;8;123;195;Attie;x;
8139;176;135;197;Boron;x;
8144;176;150;72;Dabou;x;
8151;50;171;203;Mau;x;
8153;134;177;204;Man;x;
8159;176;195;207;Toma;x;
8162;92;204;81;Nuon;x;
8163;134;207;209;Kisi;x;
8171;50;18;213;Solimana;x;
8176;50;33;88;Kono;x;
8177;92;36;216;Futa Jalon;x;
8178;134;39;89;Tamiso;x;
8179;176;42;217;Temne;x;
8180;8;45;90;Sanda;x;
8185;8;60;220;Timbi;x;
8191;50;78;223;Nalu;x;
8193;134;84;224;Kokoli;x;
8197;92;96;226;Bundu;x;
8200;8;105;0;Sherbro;x;
8203;134;114;129;Gola;x;
8206;50;123;3;Boubo;x;
8208;134;129;4;Lobo;x;
8216;50;153;8;Bassa;x;
8220;8;165;10;Grebo;x;
8222;92;171;11;Wenyon;x;
8226;50;183;13;Kru;x;
8230;8;195;15;Dibri;x;
8237;92;3;146;Kaabu;x;
8239;176;9;147;Wuli;x;
8241;50;15;148;Namandiru;x;
8243;134;21;149;Niomi;x;
8244;176;24;22;Saalum;x;
8246;50;30;23;Baol;x;
8249;176;39;152;Jolof;x;
8259;176;69;157;Jame;x;
8262;92;78;31;Jara;x;
8268;134;96;34;Geba;x;
8271;50;105;163;Kasa;x;
8278;134;126;39;Massawa;x;
8280;8;132;40;Dahlak;x;
8282;92;138;41;Sera'e;x;
8284;176;144;42;Intarta;x;
8286;50;150;43;Bur;x;
8289;176;159;172;Tigré;x;
8297;92;183;176;Lasta;x;
8303;134;201;179;Semien;x;
8306;50;210;53;Begemder;x;
8307;92;0;181;Dämbiya;x;
8308;134;3;54;Angot;x;
8314;176;21;57;Agaw-Meder;x;
8316;50;27;58;Gojjam;x;
8324;176;51;62;Amhara;x;
8326;50;57;63;Hayq;x;
8327;92;60;191;Ifat;x;
8331;50;72;193;Edd;x;
8333;134;78;194;Danakil;x;
8337;92;90;196;Afar;x;
8340;8;99;70;Tadjoura;x;
8343;134;108;199;Awssa;x;
8346;50;117;73;Sitti;x;
8349;176;126;202;Fätägar;x;
8350;8;129;75;Showa;x;
8354;176;141;77;Dawaro;x;
8355;8;144;205;Sharka;x;
8356;50;147;78;Hadya;x;
8358;134;153;79;Welamo;x;
8359;176;156;207;Dara;x;
8360;8;159;80;Gamo;x;
8362;92;165;81;Innarya;x;
8363;134;168;209;Damot;x;
8364;176;171;82;Wäj;x;
8366;50;177;83;Gafat;x;
8375;8;204;215;Berta;x;
8377;92;210;216;Wellega;x;
8379;176;3;217;Burji;x;
8382;92;12;91;Bali;x;
8384;176;18;92;Arusi;x;
8393;134;45;224;Dakkar;x;
8394;176;48;97;Harar;x;
8395;8;51;225;Gabal;x;
8398;134;60;99;Zaila;x;
8401;50;69;128;Berbera;x;
8405;8;81;130;Fafan;x;
8408;134;90;4;Hargaya;x;
8417;92;117;136;Gidaya;x;
8424;176;138;12;Makhir;x;
8425;8;141;140;Mait;x;
8428;134;150;14;Busaso;x;
8431;50;159;143;Ras Hafun;x;
8435;8;171;145;Kaffa;x;
8451;50;6;153;Fudalhi;x;
8452;92;9;26;Sidamo;x;
8455;8;18;155;Luuq;x;
8457;92;24;156;Jubba;x;
8458;134;27;29;Baydhabo;x;
8459;176;30;157;Jilib;x;
8461;50;36;158;Mogadishu;x;
8465;8;48;160;Mareeg;x;
8466;50;51;33;Hobyo;x;
8467;92;54;161;Hiraab;x;
8468;134;57;34;Qalaafe;x;
8480;8;93;40;El Waak;x;
8481;50;96;168;Lag Dera;x;
8488;134;117;44;Marsabit;x;
8490;8;123;45;Ganale;x;
8498;134;147;49;Gode;x;
8504;176;165;52;Nugaal;x;
8506;50;171;53;Barbacadle;x;
8512;92;189;56;Mudug;x;
8514;176;195;57;Gumuz;x;
8714;176;156;57;Fuerteventura;x;
8716;50;162;58;Madeira;x;
8993;134;141;224;Zarma;x;
9002;93;168;1;Leh;x;
9006;51;180;3;Demchok;x;
9009;177;189;132;Diskit;x;
9013;135;201;134;Padum;x;
9016;51;210;8;Darcha;x;
9018;135;3;9;Purig;x;
9020;9;9;10;Skardu;x;
9024;177;21;12;Astore;x;
9026;51;27;13;Shigar;x;
9028;135;33;14;Khaplu;x;
9030;9;39;15;Khurnak;x;
9033;135;48;144;Thaldat;x;
9035;9;54;145;Sumdo;x;
9037;93;60;146;Rutog;x;
9041;51;72;148;Memar;x;
9044;177;81;22;Kamru;x;
9045;9;84;150;Dhankar;x;
9051;51;102;153;Tsaparang;x;
9055;9;114;155;Kyunglung;x;
9056;51;117;28;Gar;x;
9058;135;123;29;Gê'gyai;x;
9061;51;132;158;Gêrzê;x;
9063;135;138;159;Gomoco;x;
9066;51;147;33;Coqên;x;
9067;93;150;161;Purang;x;
9070;9;159;35;Cuonaco;x;
9072;93;165;36;Lunggar;x;
9075;9;174;165;Drongpa;x;
9079;177;186;167;Manthang;x;
9081;51;192;168;Kyakyaru;x;
9087;93;210;171;Garwhal;x;
9091;51;9;173;Kumaon;x;
9092;93;12;46;Kali Kumaon;x;
9095;9;21;175;Doti;x;
9099;177;33;177;Bajura;x;
9101;51;39;178;Jumla;x;
9104;177;48;52;Jagatipur;x;
9107;93;57;181;Dang;x;
9109;177;63;182;Lumbini;x;
9111;51;69;183;Kaski;x;
9114;177;78;57;Khotang;x;
9115;9;81;185;Kathmandu;x;
9117;93;87;186;Bhaktapur;x;
9118;135;90;59;Janakpur;x;
9121;51;99;188;Yangwarok;x;
9124;177;108;62;Ilam;x;
9128;135;120;64;Daramdin;x;
9133;135;135;194;Chungthang;x;
9137;93;147;196;Paro;x;
9140;9;156;70;Punakha;x;
9143;135;165;199;Trongsa;x;
9145;9;171;200;Bumthang;x;
9147;93;177;201;Kurmaed;x;
9150;9;186;75;Cona;x;
9152;93;192;76;Lhünzê;x;
9154;177;198;77;Tawang;x;
9157;93;207;206;Itanagar;x;
9160;9;3;80;Along;x;
9163;135;12;209;Pemako;x;
9164;177;15;82;Roing;x;
9166;51;21;83;Tezu;x;
9169;177;30;212;Mainling;x;
9173;135;42;214;Rima;x;
9176;51;51;88;Golag;x;
9180;9;63;90;Gyirong;x;
9183;135;72;219;Nyalam;x;
9187;93;84;221;Sa'gya;x;
9192;93;99;96;Kangmar;x;
9193;135;102;224;Xigazê;x;
9196;51;111;98;Gyangzê;x;
9199;177;120;227;Kagar;x;
9201;51;126;128;Cazê;x;
9207;93;144;131;Tongmoin;x;
9212;93;159;6;Xainza;x;
9214;177;165;7;Nyima;x;
9216;51;171;8;Aso;x;
9219;177;180;137;Garkung;x;
9223;135;192;139;Nagarzê;x;
9224;177;195;12;Comai;x;
9226;51;201;13;Zêtang;x;
9228;135;207;14;Lhasa;x;
9233;135;9;144;Gyaca;x;
9235;9;15;145;Nang;x;
9239;177;27;147;Gyama;x;
9242;93;36;21;Lhünzhub;x;
9247;93;51;151;Nyêmo;x;
9248;135;54;24;Damxung;x;
9252;93;66;26;Baingoin;x;
9255;9;75;155;Nagqu;x;
9259;177;87;157;Garco;x;
9260;9;90;30;Cozhêlhoma;x;
9268;135;114;34;Lhari;x;
9271;51;123;163;Nyingchi;x;
9272;93;126;36;Gongbo;x;
9277;93;141;166;Bomê;x;
9278;135;144;39;Baxoi;x;
9282;93;156;41;Zogang;x;
9284;177;162;42;Qamdo;x;
9287;93;171;171;Banbar;x;
9290;9;180;45;Dêngqên;x;
9292;93;186;46;Sog;x;
9296;51;198;48;Baqên;x;
9303;135;6;179;Lhatok;x;
9304;177;9;52;Nangqên;x;
9306;51;15;53;Gyêgumdo;x;
9310;9;27;55;Gonjo;x;
9312;93;33;56;Zhag'yab;x;
9314;177;39;57;Markam;x;
9316;51;45;58;Dêqên;x;
9318;135;51;59;Gyaitang;x;
9320;9;57;60;Lenggu;x;
9321;51;60;188;Batang;x;
9325;9;72;190;Litang;x;
9326;51;75;63;Pelyül;x;
9328;135;81;64;Lhagang;x;
9329;177;84;192;Chakla;x;
9334;177;99;67;Dawu;x;
9336;51;105;68;Nyagrong;x;
9338;135;111;69;Sêrtar;x;
9340;9;117;70;Garzê;x;
9343;135;126;199;Dêgê;x;
9348;135;141;74;Lingtsang;x;
9350;9;147;75;Ariksar;x;
9354;177;159;77;Nyainrong;x;
9355;9;162;205;Amdo;x;
9359;177;174;207;Yenshipin;x;
9361;51;180;208;Dangla;x;
9363;135;186;209;Sêwa;x;
9364;177;189;82;Aqênganggyai;x;
9369;177;204;212;Hohaséco;x;
9371;51;210;213;Chumarho;x;
9374;177;6;87;Trandam;x;
9377;93;15;216;Zadoi;x;
9380;9;24;90;Zhidoi;x;
9383;135;33;219;Chindu;x;
9385;9;39;220;Qumarlêb;x;
9386;51;42;93;Ngoring;x;
9389;177;51;222;Kumkol;x;
9392;93;60;96;Mangnai;x;
9394;177;66;97;Lenghu;x;
9396;51;72;98;Nagormo;x;
9399;177;81;227;Dêrlênka;x;
9402;93;90;1;Tu'ulain;x;
9404;177;96;2;Ülam;x;
9406;51;102;3;Fuqi;x;
9411;51;117;133;Gêrqên;x;
9412;93;120;6;Datong;x;
9414;177;126;7;Xining;x;
9415;9;129;135;Shanzhou;x;
9419;177;141;137;Kuozhou;x;
9424;177;156;12;Rebgong;x;
9427;93;165;141;Xigortang;x;
9429;177;171;142;Madoi;x;
9432;93;180;16;Mangra;x;
9435;9;189;145;Zêkog;x;
9437;93;195;146;Maqu;x;
9439;177;201;147;Sangqu;x;
9441;51;207;148;Jonê;x;
9444;177;3;22;Têwo;x;
9446;51;9;23;Maqên;x;
9448;135;15;24;Baima;x;
9451;51;24;153;Ngawa;x;
9453;135;30;154;Zoigê;x;
9456;51;39;28;Sungqu;x;
9458;135;45;29;Maowün;x;
9461;51;54;158;Barkam;x;
9464;177;63;32;Quqên;x;
9469;177;78;162;Haltang;x;
9471;51;84;163;Aksay;x;
9473;135;90;164;Yumenguan;x;
9476;51;99;38;Shazhou;x;
9478;135;105;39;Guazhou;x;
9479;177;108;167;Subei;x;
9483;135;120;169;Hongliuyuan;x;
9485;9;126;170;Changma;x;
9487;93;132;171;Yumen;x;
9489;177;138;172;Mazongshan;x;
9490;9;141;45;Yalong;x;
9493;135;150;174;Suzhou;x;
9495;9;156;175;Jinta;x;
9499;177;168;177;Gaotai;x;
9500;9;171;50;Linze;x;
9504;177;183;52;Heihe;x;
9506;51;189;53;Yijinai;x;
9509;177;198;182;Alxa;x;
9510;9;201;55;Wentugaole;x;
9511;51;204;183;Qilin;x;
9513;135;210;184;Ganzhou;x;
9516;51;6;58;Fanhe;x;
9518;135;12;59;Zhenfan;x;
9521;51;21;188;Liangzhou;x;
9524;177;30;62;Yongdeng;x;
9525;9;33;190;Dajing;x;
9527;93;39;191;Baiyin;x;
9532;93;54;66;Tenggeli;x;
9534;177;60;67;Shunzhou;x;
9536;51;66;68;Xingqing;x;
9537;93;69;196;Wuluhai;x;
9540;9;78;70;Wuda;x;
9550;9;108;75;Pagan;x;
9556;51;126;78;Ava;x;
9559;177;135;207;Kyaukse;x;
9562;93;144;81;Minbu;x;
9568;135;162;84;Sagaing;x;
9571;51;171;213;Yamethin;x;
9572;93;174;86;Magwe;x;
9576;51;186;88;Vaisali;x;
9581;51;201;218;Ramu;x;
9583;135;207;219;Thabeik Taung;x;
9585;9;0;220;Sandoway;x;
9588;135;9;94;Sriksetra;x;
9591;51;18;223;Hinthada;x;
9593;135;24;224;Toungoo;x;
9596;51;33;98;Pegu;x;
9597;93;36;226;Dagon;x;
9604;177;57;2;Keriya;x;
9613;135;84;134;Karghalik;x;
9622;93;111;11;Hanlan;x;
9624;177;117;12;Kale;x;
9627;93;126;141;Thaton;x;
9631;51;138;143;Kusumi;x;
9637;93;156;146;Sittaung;x;
9640;9;165;20;Madaya;x;
9643;135;174;149;Takon;x;
9654;177;207;27;Bangaon;x;
